Index, Altitude, kalmanAltitude, kalmanVelocity, kalmanAcceleration, ax, ay, az, islaunch, isApogee1, isApogee2, isApogee3
0,1563.42,1560.74,0.53,-5.36,-1.14,0.79,-10.21,0,0,0,0
1,1563.03,1561.78,0.27,-7.01,-1.03,0.68,-10.21,0,0,0,0
2,1563.03,1562.18,-0.12,-7.79,-1.19,0.81,-10.19,0,0,0,0
3,1563.61,1562.56,-0.25,-8.24,-0.98,0.76,-10.22,0,0,0,0
4,1563.13,1562.64,-0.81,-8.55,-0.95,0.77,-10.21,0,0,0,0
5,1563.61,1562.82,-1.09,-8.73,-1.3,1.01,-10.13,0,0,0,0
6,1563.32,1562.83,-1.65,-8.89,-1.08,0.59,-10.24,0,0,0,0
7,1563.51,1562.85,-2.11,-9,-1.54,0.85,-10.16,0,0,0,0
8,1563.32,1562.77,-2.71,-9.09,-0.92,0.83,-10.23,0,0,0,0
9,1563.61,1562.74,-3.16,-9.14,-1.14,0.94,-10.19,0,0,0,0
10,1563.7,1562.7,-3.6,-9.17,-0.9,0.76,-10.21,0,0,0,0
11,1563.8,1562.65,-4.04,-9.2,-1.26,0.54,-10.29,0,0,0,0
12,1563.42,1562.46,-4.62,-9.21,-1.66,0.8,-10.18,0,0,0,0
13,1563.32,1562.24,-5.2,-9.23,-0.87,0.41,-10.33,0,0,0,0
14,1563.7,1562.1,-5.64,-9.2,-0.86,0.32,-10.33,0,0,0,0
15,1563.61,1561.92,-6.09,-9.16,-1.32,1.48,-10.1,0,0,0,0
16,1563.8,1561.76,-6.49,-9.09,-1.4,0.94,-10.14,0,0,0,0
17,1563.32,1561.48,-6.99,-9.05,-0.58,0.19,-10.48,0,0,0,0
18,1563.51,1561.25,-7.39,-8.95,-1.59,1.85,-9.89,0,0,0,0
19,1563.61,1561.03,-7.75,-8.84,-1.59,0.78,-10.13,0,0,0,0
20,1563.8,1560.85,-8.05,-8.71,-1.38,1.05,-10.03,0,0,0,0
21,1563.9,1560.67,-8.31,-8.56,-1,1.13,-10.11,0,0,0,0
22,1563.9,1560.48,-8.55,-8.39,-1.51,0.84,-10.11,0,0,0,0
23,1563.22,1560.18,-8.86,-8.25,-1.44,1.23,-9.95,0,0,0,0
24,1564.09,1560.04,-9,-8.04,-1.35,1.23,-10,0,0,0,0
25,1563.61,1559.82,-9.19,-7.85,-1.45,1.15,-10.14,0,0,0,0
26,1563.42,1559.57,-9.37,-7.66,-1.38,1.01,-10.18,0,0,0,0
27,1563.42,1559.34,-9.5,-7.45,-1.24,1.22,-10.11,0,0,0,0
28,1563.13,1559.08,-9.64,-7.25,-1.55,1.21,-10.11,0,0,0,0
29,1563.13,1558.84,-9.73,-7.04,-1.55,0.73,-10.25,0,0,0,0
30,1563.61,1558.71,-9.7,-6.78,0.19,1.49,-10.04,0,0,0,0
31,1563.32,1558.55,-9.68,-6.54,-1.63,1.49,-10.01,0,0,0,0
32,1563.22,1558.39,-9.63,-6.3,-1.05,1.51,-9.9,0,0,0,0
33,1563.32,1558.28,-9.54,-6.04,-1.49,1.9,-9.92,0,0,0,0
34,1563.8,1558.25,-9.36,-5.77,-0.79,1.48,-10.11,0,0,0,0
35,1563.22,1558.15,-9.24,-5.53,-1.31,1.47,-10.04,0,0,0,0
36,1562.94,1558.03,-9.14,-5.3,-1.4,1.37,-10.06,0,0,0,0
37,1563.42,1558,-8.95,-5.06,-0.78,2.04,-10.44,0,0,0,0
38,1563.42,1557.98,-8.74,-4.82,-1.27,1.27,-10.14,0,0,0,0
39,1563.32,1557.97,-8.54,-4.59,-0.43,1.06,-10.37,0,0,0,0
40,1563.51,1558,-8.3,-4.36,-0.89,1.69,-9.97,0,0,0,0
41,1563.32,1558.01,-8.08,-4.14,-1.08,0.5,-10.3,0,0,0,0
42,1562.74,1557.95,-7.92,-3.96,-1.09,0.9,-10.17,0,0,0,0
43,1563.32,1557.99,-7.68,-3.76,-1.33,1.82,-10.02,0,0,0,0
44,1563.42,1558.06,-7.43,-3.57,-0.69,1.42,-10.11,0,0,0,0
45,1563.32,1558.12,-7.19,-3.38,-1.03,1.3,-10.15,0,0,0,0
46,1563.03,1558.15,-6.98,-3.22,-1.67,2.4,-9.67,0,0,0,0
47,1563.03,1558.18,-6.77,-3.06,-2.22,1.78,-9.75,0,0,0,0
48,1563.42,1558.28,-6.53,-2.9,-0.09,1.18,-10.32,0,0,0,0
49,1563.99,1558.46,-6.22,-2.73,-2.15,2.01,-9.63,0,0,0,0
50,1563.42,1558.56,-5.99,-2.59,-2.49,2.09,-10.11,0,0,0,0
51,1563.8,1558.71,-5.74,-2.44,-1.04,2.13,-10.06,0,0,0,0
52,1564.18,1558.91,-5.45,-2.3,-2.19,1.83,-9.84,0,0,0,0
53,1563.8,1559.05,-5.22,-2.18,-2.31,1.44,-10.03,0,0,0,0
54,1563.99,1559.2,-4.99,-2.06,-1.45,0.94,-10.1,0,0,0,0
55,1563.8,1559.33,-4.79,-1.95,-1.01,1.92,-9.99,1,0,0,0
56,1563.8,1559.45,-4.6,-1.86,-1.37,1.42,-10.03,1,0,0,0
57,1563.42,1559.52,-4.45,-1.78,-1.49,2.04,-9.87,1,0,0,0
58,1563.32,1559.57,-4.32,-1.71,-1.53,2.07,-10.1,1,0,0,0
59,1563.13,1559.6,-4.22,-1.65,-0.97,1.48,-10.3,1,0,0,0
60,1563.13,1559.63,-4.1,-1.59,-0.93,1.36,-9.7,1,0,0,0
61,1563.51,1559.72,-3.96,-1.52,-2.08,2.98,-9.66,1,0,0,0
62,1563.03,1559.74,-3.87,-1.47,-0.22,2.18,-10.19,1,0,0,0
63,1563.32,1559.79,-3.76,-1.42,-0.27,-1.13,-11.17,1,0,0,0
64,1563.22,1559.84,-3.66,-1.37,-0.24,0.78,-10.21,1,0,0,0
65,1563.42,1559.91,-3.55,-1.32,-2.55,2.07,-9.6,1,0,0,0
66,1563.22,1559.96,-3.45,-1.28,-0.55,1.1,-10.09,1,0,0,0
67,1563.51,1560.04,-3.34,-1.23,0.1,0.56,-10.39,1,0,0,0
68,1563.42,1560.11,-3.24,-1.19,-0.32,0.62,-10.35,1,0,0,0
69,1563.7,1560.21,-3.13,-1.15,-1.48,0.81,-10.42,1,0,0,0
70,1563.22,1560.24,-3.05,-1.12,-1.44,1.08,-10.01,1,0,0,0
71,1563.61,1560.33,-2.95,-1.08,-2.16,2,-9.79,1,0,0,0
72,1563.61,1560.41,-2.85,-1.04,-1.91,2.68,-9.79,1,0,0,0
73,1563.03,1560.42,-2.81,-1.02,-1.47,2.52,-10.18,1,0,0,0
74,1563.22,1560.45,-2.75,-1,-1.25,2.1,-10.12,1,0,0,0
75,1563.22,1560.49,-2.68,-0.98,-2.47,0.54,-9.36,1,0,0,0
76,1563.61,1560.57,-2.6,-0.95,-2.22,1.72,-9.88,1,0,0,1
77,1563.51,1560.64,-2.53,-0.92,-1.58,2.2,-10.01,1,0,0,1
78,1563.22,1560.67,-2.48,-0.9,-2.17,2.2,-9.71,1,0,0,1
79,1563.99,1560.79,-2.38,-0.87,-2.25,2.74,-9.62,1,0,0,1
80,1563.8,1560.88,-2.3,-0.85,-0.82,2.23,-9.67,1,0,0,1
81,1563.22,1560.89,-2.26,-0.84,-1.47,2.13,-9.91,1,0,0,1
82,1563.42,1560.93,-2.22,-0.82,-1.26,2.04,-9.97,1,0,0,1
83,1563.42,1560.97,-2.17,-0.81,-0.39,1.93,-10.1,1,0,0,1
84,1563.9,1561.07,-2.1,-0.79,-1,2.87,-9.8,1,0,0,1
85,1563.32,1561.09,-2.07,-0.78,-1.6,2.18,-9.96,1,0,0,1
86,1563.51,1561.13,-2.03,-0.77,-0.56,1.18,-10.46,1,0,0,1
87,1563.32,1561.15,-2,-0.76,-1.71,2.76,-9.62,1,0,0,1
88,1563.13,1561.15,-1.99,-0.76,-1.76,2.93,-9.71,1,0,0,1
89,1563.42,1561.18,-1.96,-0.75,-0.99,1.66,-10.37,1,0,0,1
90,1563.7,1561.24,-1.91,-0.74,-1.72,2.68,-9.89,1,0,0,1
91,1563.51,1561.28,-1.88,-0.73,-1.94,2.36,-10.02,1,0,0,1
92,1563.22,1561.28,-1.87,-0.73,-1.39,2.31,-9.85,1,0,0,1
93,1563.22,1561.28,-1.86,-0.72,-1.2,2.6,-9.9,1,0,0,1
94,1563.42,1561.31,-1.84,-0.72,-1.73,1.44,-9.97,1,0,0,1
95,1563.42,1561.33,-1.81,-0.71,-1.87,2.37,-9.74,1,0,0,1
96,1563.7,1561.39,-1.77,-0.7,-1.34,2.33,-9.84,1,0,0,1
97,1563.51,1561.42,-1.75,-0.7,-0.65,1.4,-9.88,1,0,0,1
98,1563.7,1561.47,-1.72,-0.69,-1.51,1.82,-10.03,1,0,0,1
99,1563.51,1561.5,-1.7,-0.69,-1.52,1.98,-10.01,1,0,0,1
100,1563.99,1561.57,-1.65,-0.68,-1.27,2.26,-9.97,1,0,0,1
101,1563.61,1561.61,-1.63,-0.68,-1.6,2.32,-9.96,1,0,0,1
102,1563.99,1561.68,-1.59,-0.67,-1.41,1.24,-10.08,1,0,0,1
103,1563.32,1561.67,-1.6,-0.67,-1.54,2.66,-9.62,1,0,0,1
104,1563.9,1561.73,-1.57,-0.66,-1.12,2.05,-10.05,1,0,0,1
105,1563.7,1561.76,-1.55,-0.66,-1.41,1.6,-10.03,1,0,0,1
106,1563.7,1561.79,-1.54,-0.66,-1.37,1.34,-10.39,1,0,0,1
107,1563.8,1561.83,-1.52,-0.66,-1.87,2.12,-9.66,1,0,0,1
108,1563.32,1561.81,-1.54,-0.67,-1.33,1.78,-10.01,1,0,0,1
109,1563.99,1561.87,-1.51,-0.66,-1.83,1.51,-9.96,1,0,0,1
110,1563.8,1561.9,-1.5,-0.66,-1.46,2.21,-9.8,1,0,0,1
111,1562.74,1561.81,-1.55,-0.68,-0.16,2.17,-10.1,1,0,0,1
112,1563.51,1561.81,-1.56,-0.68,-1.66,2.94,-10.34,1,0,0,1
113,1563.61,1561.82,-1.56,-0.69,-1.44,2.74,-10.45,1,0,0,1
114,1563.32,1561.81,-1.57,-0.69,-4.15,1.11,-8.22,1,0,0,1
115,1563.22,1561.78,-1.59,-0.69,-2.52,0.59,-9.7,1,0,0,1
116,1563.7,1561.8,-1.58,-0.69,-0.09,1.51,-10.32,1,0,0,1
117,1562.94,1561.73,-1.63,-0.71,0.54,2.23,-10.61,1,0,0,1
118,1563.13,1561.69,-1.65,-0.72,-1.49,1.43,-9.99,1,0,0,1
119,1563.7,1561.72,-1.64,-0.71,-1.32,0.79,-9.95,1,0,0,1
120,1564.09,1561.79,-1.6,-0.7,-1.63,1.58,-9.86,1,0,0,1
121,1563.99,1561.84,-1.58,-0.7,-1.17,2.3,-10.24,1,0,0,1
122,1563.99,1561.89,-1.55,-0.69,-1.09,3.16,-9.9,1,0,0,1
123,1562.84,1561.81,-1.6,-0.71,-3.28,3.66,-9.45,1,0,0,1
124,1563.51,1561.81,-1.61,-0.71,-1.73,1.66,-9.92,1,0,0,1
125,1563.22,1561.78,-1.63,-0.72,-1.54,5.02,-9.15,1,0,0,1
126,1563.42,1561.77,-1.64,-0.72,-1.06,2.37,-9.47,1,0,0,1
127,1563.03,1561.71,-1.67,-0.73,-2.61,0.59,-10.24,1,0,0,1
128,1563.42,1561.71,-1.68,-0.73,-3.59,1.92,-9.19,1,0,0,1
129,1563.22,1561.68,-1.69,-0.73,-2.54,3.4,-9.38,1,0,0,1
130,1563.13,1561.64,-1.71,-0.74,-1.73,2.83,-9.45,1,0,0,1
131,1563.13,1561.61,-1.73,-0.74,-1.81,2.33,-9.8,1,0,0,1
132,1563.22,1561.58,-1.75,-0.75,-1.58,1.07,-9.99,1,0,0,1
133,1563.61,1561.6,-1.73,-0.74,-3.47,2.1,-9.41,1,0,0,1
134,1563.42,1561.61,-1.73,-0.74,-3,4.09,-9.05,1,0,0,1
135,1563.61,1561.63,-1.72,-0.74,-1.45,1.65,-10.04,1,0,0,1
136,1563.61,1561.64,-1.71,-0.73,-0.87,1.05,-10.22,1,0,0,1
137,1563.13,1561.61,-1.73,-0.74,-1.3,0.96,-10.14,1,0,0,1
138,1563.32,1561.59,-1.74,-0.74,-1.77,1.73,-9.93,1,0,0,1
139,1563.42,1561.59,-1.74,-0.74,-1.81,2.09,-9.87,1,0,0,1
140,1563.42,1561.59,-1.74,-0.74,-1.31,1.77,-10.03,1,0,0,1
141,1563.9,1561.64,-1.71,-0.74,-1.6,1.2,-9.82,1,0,0,1
142,1563.9,1561.69,-1.68,-0.73,-1.47,2.07,-9.89,1,0,0,1
143,1563.7,1561.72,-1.67,-0.73,-1.43,1.84,-10.07,1,0,0,1
144,1563.7,1561.74,-1.66,-0.72,-1.38,1.36,-10.12,1,0,0,1
145,1563.13,1561.7,-1.69,-0.73,-2.39,1.5,-10.07,1,0,0,1
146,1563.51,1561.7,-1.69,-0.73,-1.47,1.58,-10.07,1,0,0,1
147,1563.61,1561.71,-1.68,-0.73,-1.33,1.32,-10.19,1,0,0,1
148,1563.7,1561.73,-1.67,-0.73,-1.98,1.99,-9.73,1,0,0,1
149,1563.42,1561.72,-1.68,-0.73,-1.4,1.31,-10.08,1,0,0,1
150,1563.32,1561.7,-1.7,-0.74,-1.52,1.48,-10.07,1,0,0,1
151,1563.32,1561.68,-1.71,-0.74,-1.77,1.84,-9.93,1,0,0,1
152,1563.22,1561.65,-1.73,-0.75,-1.74,1.56,-10.12,1,0,0,1
153,1563.61,1561.66,-1.72,-0.75,-1.4,1.54,-10.05,1,0,0,1
154,1563.7,1561.69,-1.71,-0.74,-1.33,1.44,-9.7,1,0,0,1
155,1563.42,1561.68,-1.71,-0.74,-2,2.04,-9.76,1,0,0,1
156,1564.09,1561.75,-1.68,-0.73,-1.77,1.75,-9.77,1,0,0,1
157,1563.61,1561.75,-1.68,-0.73,-1.02,1.41,-10.16,1,0,0,1
158,1563.13,1561.71,-1.71,-0.74,-0.87,1.05,-10.45,1,0,0,1
159,1563.42,1561.69,-1.72,-0.75,-1.56,1.54,-10.05,1,0,0,1
160,1563.61,1561.7,-1.71,-0.74,-1.18,1.53,-10.16,1,0,0,1
161,1563.9,1561.74,-1.69,-0.74,-0.96,1.55,-10.09,1,0,0,1
162,1563.61,1561.75,-1.69,-0.74,-1.71,1.82,-9.7,1,0,0,1
163,1563.32,1561.73,-1.7,-0.74,-1.61,1.54,-10.02,1,0,0,1
164,1563.32,1561.7,-1.72,-0.75,-1.24,1.23,-10.09,1,0,0,1
165,1563.51,1561.7,-1.72,-0.75,-1.13,1.75,-10.01,1,0,0,1
166,1563.42,1561.69,-1.73,-0.75,-1.47,1.82,-9.94,1,0,0,1
167,1563.8,1561.72,-1.72,-0.75,-1.23,1.28,-10.12,1,0,0,1
168,1563.7,1561.74,-1.71,-0.74,-1.05,1.48,-10.15,1,0,0,1
169,1563.22,1561.7,-1.73,-0.75,-1.32,1.62,-10.15,1,0,0,1
170,1563.51,1561.7,-1.74,-0.75,-1.01,1.31,-10.4,1,0,0,1
171,1563.61,1561.7,-1.74,-0.75,-1.44,1.27,-10.37,1,0,0,1
172,1563.61,1561.71,-1.73,-0.75,-1.47,1.68,-9.96,1,0,0,1
173,1563.8,1561.74,-1.72,-0.75,-1.54,1.76,-10.03,1,0,0,1
174,1563.7,1561.75,-1.71,-0.75,-1.23,1.19,-10.15,1,0,0,1
175,1563.51,1561.75,-1.72,-0.75,-1.58,1.08,-10.16,1,0,0,1
176,1563.32,1561.72,-1.73,-0.75,-1.32,1.89,-9.96,1,0,0,1
177,1563.03,1561.66,-1.77,-0.76,-1.18,1.86,-10.03,1,0,0,1
178,1562.84,1561.58,-1.82,-0.78,-1.08,0.89,-10.3,1,0,0,1
179,1563.32,1561.56,-1.83,-0.78,-1.56,0.9,-10.17,1,0,0,1
180,1563.42,1561.56,-1.83,-0.78,-2.39,2.29,-9.62,1,0,0,1
181,1563.13,1561.52,-1.84,-0.78,-1.65,2.23,-9.86,1,0,0,1
182,1563.42,1561.52,-1.84,-0.78,-1.22,1.31,-10.15,1,0,0,1
183,1563.61,1561.54,-1.83,-0.78,-1.32,1.54,-10.05,1,0,0,1
184,1563.51,1561.54,-1.83,-0.77,-1.15,1.46,-10.23,1,0,0,1
185,1563.22,1561.52,-1.84,-0.78,-1.74,1.59,-9.83,1,0,0,1
186,1563.9,1561.57,-1.8,-0.77,-2.28,2.26,-9.59,1,0,0,1
187,1563.32,1561.55,-1.81,-0.77,-1.59,1.69,-10.09,1,0,0,1
188,1563.8,1561.59,-1.79,-0.76,-0.86,1.09,-10.34,1,0,0,1
189,1563.42,1561.59,-1.79,-0.76,-1.67,2.07,-10.05,1,0,0,1
190,1563.51,1561.59,-1.79,-0.76,-1.09,1.06,-10.3,1,0,0,1
191,1563.51,1561.59,-1.78,-0.76,-1.64,1.51,-9.99,1,0,0,1
192,1564.18,1561.67,-1.74,-0.75,-1.4,1.65,-10.07,1,0,0,1
193,1563.8,1561.71,-1.72,-0.74,-1.12,1.23,-10.15,1,0,0,1
194,1563.13,1561.66,-1.75,-0.75,-1.4,1.57,-10.01,1,0,0,1
195,1563.7,1561.68,-1.74,-0.75,-1.29,1.47,-10.07,1,0,0,1
196,1563.32,1561.66,-1.75,-0.75,-1.45,1.48,-10.01,1,0,0,1
197,1563.7,1561.68,-1.74,-0.75,-1.3,1.72,-9.95,1,0,0,1
198,1563.32,1561.66,-1.75,-0.75,-1.34,0.9,-10.27,1,0,0,1
199,1563.51,1561.66,-1.75,-0.75,-1.46,1.27,-10.47,1,0,0,1
200,1563.99,1561.71,-1.72,-0.74,-1.81,1.62,-9.84,1,0,0,1
201,1563.22,1561.68,-1.74,-0.75,-1.27,1.46,-10.17,1,0,0,1
202,1563.42,1561.66,-1.75,-0.75,-1.14,1.08,-10.2,1,0,0,1
203,1563.42,1561.65,-1.76,-0.76,-1.49,1.49,-10.03,1,0,0,1
204,1563.7,1561.67,-1.75,-0.75,-1.48,1.81,-9.93,1,0,0,1
205,1563.9,1561.72,-1.72,-0.75,-1.5,1.7,-9.98,1,0,0,1
206,1563.61,1561.72,-1.72,-0.74,-1.7,1.23,-10.05,1,0,0,1
207,1563.51,1561.72,-1.72,-0.75,-1.3,1.3,-10.11,1,0,0,1
208,1563.03,1561.66,-1.76,-0.76,-1.33,1.81,-9.96,1,0,0,1
209,1563.51,1561.66,-1.76,-0.76,-1.55,1.58,-9.97,1,0,0,1
210,1563.42,1561.65,-1.76,-0.76,-1.34,1.23,-10.18,1,0,0,1
211,1563.51,1561.65,-1.76,-0.76,-1.1,1.51,-10.04,1,0,0,1
212,1563.7,1561.67,-1.75,-0.75,-1.53,1.82,-9.91,1,0,0,1
213,1563.32,1561.65,-1.77,-0.76,-1.41,1.18,-10.14,1,0,0,1
214,1563.22,1561.62,-1.78,-0.76,-1.59,1.26,-10.09,1,0,0,1
215,1563.42,1561.61,-1.79,-0.76,-1.48,1.55,-10.28,1,0,0,1
216,1563.7,1561.63,-1.77,-0.76,-1.43,1.56,-9.75,1,0,0,1
217,1563.61,1561.64,-1.77,-0.76,-1.11,1.42,-10.25,1,0,0,1
218,1563.51,1561.64,-1.77,-0.76,-1.52,1.72,-10.02,1,0,0,1
219,1563.61,1561.66,-1.76,-0.76,-1.21,1.35,-10.12,1,0,0,1
220,1563.99,1561.71,-1.73,-0.75,-1.07,1.14,-10.19,1,0,0,1
221,1563.8,1561.74,-1.71,-0.74,-1.68,1.83,-9.93,1,0,0,1
222,1563.03,1561.68,-1.75,-0.75,-1.19,0.99,-10.22,1,0,0,1
223,1563.32,1561.65,-1.77,-0.76,-1.28,1.26,-10.21,1,0,0,1
224,1563.22,1561.62,-1.78,-0.76,-1.43,1.6,-10.12,1,0,0,1
225,1563.03,1561.57,-1.82,-0.77,-0.82,1.25,-10.24,1,0,0,1
226,1563.03,1561.52,-1.84,-0.78,-1.59,1.36,-10.05,1,0,0,1
227,1563.9,1561.57,-1.81,-0.77,-1.32,1.31,-10.12,1,0,0,1
228,1563.32,1561.55,-1.82,-0.77,-1.16,1.49,-10.04,1,0,0,1
229,1563.32,1561.54,-1.83,-0.77,-1.1,1.2,-10.18,1,0,0,1
230,1563.8,1561.58,-1.8,-0.77,-1.23,1.39,-10.12,1,0,0,1
231,1563.22,1561.55,-1.81,-0.77,-1.52,1.88,-9.87,1,0,0,1
232,1563.42,1561.54,-1.82,-0.77,-1.21,1.02,-10.3,1,0,0,1
233,1563.32,1561.53,-1.82,-0.77,-1.29,0.97,-10.27,1,0,0,1
234,1563.51,1561.54,-1.82,-0.77,-1.16,1.66,-10.02,1,0,0,1
235,1563.61,1561.56,-1.8,-0.76,-2.21,1.92,-10.07,1,0,0,1
236,1563.7,1561.58,-1.79,-0.76,-0.52,0.98,-10.25,1,0,0,1
237,1563.42,1561.58,-1.79,-0.76,-1.43,1.41,-9.88,1,0,0,1
238,1563.42,1561.57,-1.79,-0.76,-1.03,1.23,-10.17,1,0,0,1
239,1563.99,1561.63,-1.76,-0.75,-1.48,0.97,-10.29,1,0,0,1
240,1563.9,1561.68,-1.72,-0.74,-2.12,2.26,-9.31,1,0,0,1
241,1563.7,1561.7,-1.72,-0.74,-0.72,1,-10.35,1,0,0,1
242,1563.61,1561.71,-1.71,-0.74,-1.64,1.81,-9.85,1,0,0,1
243,1563.9,1561.75,-1.69,-0.73,-1.34,1.57,-10.04,1,0,0,1
244,1563.8,1561.78,-1.67,-0.73,-1.05,1.54,-10.13,1,0,0,1
245,1563.7,1561.8,-1.67,-0.73,-1.46,1.38,-9.93,1,0,0,1
246,1564.09,1561.85,-1.64,-0.72,-1.88,1.39,-9.92,1,0,0,1
247,1563.8,1561.87,-1.63,-0.72,-1.2,1.08,-10.17,1,0,0,1
248,1563.9,1561.91,-1.62,-0.72,-1.88,2.11,-9.84,1,0,0,1
249,1563.7,1561.91,-1.62,-0.72,-1.05,1.02,-10.41,1,0,0,1
250,1563.9,1561.94,-1.61,-0.72,-1.22,0.97,-10.18,1,0,0,1
251,1563.42,1561.91,-1.63,-0.72,-1.87,2.37,-9.74,1,0,0,1
252,1563.42,1561.88,-1.65,-0.73,-1.61,1.31,-10.12,1,0,0,1
253,1563.8,1561.9,-1.64,-0.73,-1.7,1.53,-10.01,1,0,0,1
254,1564.18,1561.96,-1.61,-0.72,-1.48,1.56,-9.98,1,0,0,1
255,1563.61,1561.95,-1.63,-0.73,-0.93,1.38,-10.15,1,0,0,1
256,1563.99,1561.98,-1.61,-0.72,-1.86,1.53,-10.01,1,0,0,1
257,1563.42,1561.95,-1.64,-0.73,-1.53,1.56,-9.96,1,0,0,1
258,1563.61,1561.94,-1.65,-0.73,-2.13,1.67,-9.88,1,0,0,1
259,1563.8,1561.95,-1.65,-0.73,-1.57,1.76,-10,1,0,0,1
260,1563.99,1561.98,-1.63,-0.73,-1.16,1.53,-10.18,1,0,0,1
261,1563.9,1561.99,-1.63,-0.73,-1.36,1.22,-10.27,1,0,0,1
262,1563.99,1562.02,-1.62,-0.73,-1.09,0.74,-10.26,1,0,0,1
263,1563.8,1562.03,-1.62,-0.73,-1.63,1.77,-9.91,1,0,0,1
264,1563.7,1562.02,-1.63,-0.73,-1.48,2.01,-9.96,1,0,0,1
265,1563.51,1561.99,-1.65,-0.74,-2.01,2.04,-9.86,1,0,0,1
266,1563.61,1561.97,-1.67,-0.74,-1.56,1.23,-10.16,1,0,0,1
267,1563.8,1561.98,-1.67,-0.75,-1.27,1.08,-10.2,1,0,0,1
268,1563.8,1561.98,-1.67,-0.75,-1.87,2.14,-9.75,1,0,0,1
269,1564.18,1562.03,-1.65,-0.74,-1.64,1.76,-9.9,1,0,0,1
270,1563.7,1562.02,-1.66,-0.74,-1.27,1.13,-10.13,1,0,0,1
271,1563.7,1562.01,-1.67,-0.75,-1.82,1.41,-10.05,1,0,0,1
272,1563.61,1561.99,-1.69,-0.75,-1.5,1.75,-9.98,1,0,0,1
273,1564.18,1562.03,-1.66,-0.74,-2.04,1.42,-9.69,1,0,0,1
274,1563.51,1562,-1.69,-0.75,-1.93,1.43,-10.02,1,0,0,1
275,1563.42,1561.96,-1.71,-0.76,-1.66,1.7,-9.98,1,0,0,1
276,1564.09,1561.99,-1.7,-0.75,-1.7,1.58,-9.94,1,0,0,1
277,1564.09,1562.03,-1.68,-0.75,-1.88,1.53,-10.03,1,0,0,1
278,1563.8,1562.02,-1.69,-0.75,-1.3,1.54,-10.01,1,0,0,1
279,1563.99,1562.04,-1.68,-0.75,-1.86,1.6,-9.97,1,0,0,1
280,1563.99,1562.06,-1.67,-0.74,-1.62,1.67,-9.77,1,0,0,1
281,1563.7,1562.05,-1.68,-0.75,-1.49,1.19,-10,1,0,0,1
282,1563.32,1561.99,-1.72,-0.76,-1.76,1.77,-9.93,1,0,0,1
283,1563.32,1561.93,-1.75,-0.77,-1.57,1.38,-10.01,1,0,0,1
284,1563.99,1561.96,-1.74,-0.76,-1.74,1.56,-9.94,1,0,0,1
285,1563.7,1561.94,-1.75,-0.77,-1.68,1.62,-10.07,1,0,0,1
286,1563.42,1561.9,-1.78,-0.77,-1.5,1.38,-10.08,1,0,0,1
287,1563.32,1561.85,-1.81,-0.78,-1.59,1.47,-10.03,1,0,0,1
288,1563.61,1561.84,-1.81,-0.78,-1.32,1.69,-10.02,1,0,0,1
289,1563.99,1561.86,-1.8,-0.77,-1.73,1.6,-9.94,1,0,0,1
290,1563.9,1561.88,-1.79,-0.77,-1.77,1.37,-10.06,1,0,0,1
291,1563.61,1561.86,-1.8,-0.77,-1.47,1.5,-10.04,1,0,0,1
292,1563.7,1561.86,-1.8,-0.77,-1.56,1.44,-10.09,1,0,0,1
293,1563.22,1561.8,-1.83,-0.78,-1.77,1.51,-9.94,1,0,0,1
294,1563.9,1561.82,-1.82,-0.78,-1.49,1.27,-10.04,1,0,0,1
295,1563.9,1561.84,-1.81,-0.77,-1.55,1.65,-10,1,0,0,1
296,1563.51,1561.82,-1.82,-0.78,-1.74,1.37,-10,1,0,0,1
297,1564.09,1561.86,-1.79,-0.77,-1.5,1.22,-10.08,1,0,0,1
298,1563.8,1561.86,-1.79,-0.77,-1.88,1.61,-9.89,1,0,0,1
299,1563.8,1561.87,-1.79,-0.77,-1.39,1.36,-10.09,1,0,0,1
300,1563.51,1561.84,-1.8,-0.77,-1.31,1.25,-10.16,1,0,0,1
301,1563.61,1561.83,-1.81,-0.77,-1.53,1.52,-10.05,1,0,0,1
302,1563.99,1561.86,-1.79,-0.77,-1.27,1.37,-10.11,1,0,0,1
303,1563.99,1561.89,-1.77,-0.76,-2.12,1.57,-10.09,1,0,0,1
304,1563.7,1561.88,-1.78,-0.76,-1.52,1.16,-10.01,1,0,0,1
305,1563.9,1561.9,-1.77,-0.76,-1.61,1.54,-9.92,1,0,0,1
306,1563.99,1561.92,-1.75,-0.75,-1.77,1.47,-9.96,1,0,0,1
307,1563.8,1561.93,-1.75,-0.75,-1.51,1.31,-9.95,1,0,0,1
308,1563.8,1561.93,-1.75,-0.75,-1.59,1.19,-10.06,1,0,0,1
309,1564.18,1561.98,-1.72,-0.75,-1.21,1.86,-10.12,1,0,0,1
310,1564.18,1562.02,-1.7,-0.74,-1.96,1.14,-10.03,1,0,0,1
311,1563.61,1561.99,-1.71,-0.74,-1.28,1.32,-10.07,1,0,0,1
312,1564.18,1562.04,-1.69,-0.74,-1.46,1.59,-9.88,1,0,0,1
313,1563.99,1562.05,-1.68,-0.74,-1.9,1.6,-10.03,1,0,0,1
314,1564.28,1562.1,-1.66,-0.73,-1.23,0.93,-10.3,1,0,0,1
315,1564.09,1562.12,-1.65,-0.73,-1.69,1.41,-10.01,1,0,0,1
316,1563.9,1562.12,-1.65,-0.73,-1.54,1.43,-10.03,1,0,0,1
317,1563.99,1562.14,-1.65,-0.73,-1.53,1.72,-10.06,1,0,0,1
318,1563.7,1562.11,-1.67,-0.74,-1.8,1.24,-10.15,1,0,0,1
319,1563.8,1562.1,-1.68,-0.74,-1.35,1.48,-10.09,1,0,0,1
320,1564.38,1562.15,-1.65,-0.73,-1.78,1.55,-10.11,1,0,0,1
321,1563.99,1562.16,-1.65,-0.73,-1.75,1.95,-9.88,1,0,0,1
322,1564.18,1562.19,-1.64,-0.73,-1.42,1.25,-10.02,1,0,0,1
323,1563.9,1562.18,-1.65,-0.73,-1.4,1.28,-10.07,1,0,0,1
324,1564.28,1562.22,-1.63,-0.73,-1.5,1.89,-9.82,1,0,0,1
325,1564.18,1562.24,-1.62,-0.73,-1.46,0.26,-10.25,1,0,0,1
326,1564.47,1562.3,-1.59,-0.72,-1.65,2.26,-9.77,1,0,0,1
327,1564.09,1562.31,-1.6,-0.72,-2.08,1.24,-10,1,0,0,1
328,1564.09,1562.31,-1.6,-0.72,-2.28,1.3,-9.96,1,0,0,1
329,1564.57,1562.37,-1.57,-0.72,-2.09,1.17,-9.96,1,0,0,1
330,1563.99,1562.37,-1.58,-0.72,-1.59,2.57,-9.63,1,0,0,1
331,1564.38,1562.39,-1.58,-0.72,-0.81,-0.99,-10.99,1,0,0,1
332,1563.9,1562.37,-1.59,-0.73,-2.18,2.28,-9.62,1,0,0,1
333,1563.61,1562.32,-1.63,-0.74,-0.89,0.86,-10.32,1,0,0,1
334,1563.61,1562.26,-1.67,-0.75,-1.47,2.05,-9.94,1,0,0,1
335,1563.99,1562.26,-1.67,-0.75,-2.54,2.27,-9.56,1,0,0,1
336,1563.99,1562.25,-1.68,-0.75,-1.57,0.97,-10.05,1,0,0,1
337,1563.99,1562.25,-1.69,-0.75,-0.91,0.55,-10.45,1,0,0,1
338,1564.47,1562.29,-1.67,-0.75,-1.96,2.19,-9.76,1,0,0,1
339,1563.9,1562.27,-1.68,-0.75,-0.93,0.69,-10.27,1,0,0,1
340,1563.7,1562.23,-1.71,-0.76,-1.68,1.69,-9.92,1,0,0,1
341,1563.99,1562.23,-1.72,-0.76,-1.61,0.36,-10.11,1,0,0,1
342,1564.09,1562.23,-1.72,-0.76,-1.25,2.06,-9.95,1,0,0,1
343,1564.38,1562.27,-1.7,-0.75,-1.98,2.01,-9.91,1,0,0,1
344,1564.28,1562.29,-1.69,-0.75,-2.63,2.49,-9.39,1,0,0,1
345,1564.28,1562.31,-1.68,-0.75,-1.12,1.11,-10.24,1,0,0,1
346,1563.7,1562.27,-1.71,-0.76,-1.87,2.09,-9.85,1,0,0,1
347,1564.38,1562.3,-1.69,-0.75,-2.15,2.26,-9.66,1,0,0,1
348,1563.8,1562.27,-1.71,-0.76,-1.71,1.79,-9.87,1,0,0,1
349,1564.09,1562.27,-1.71,-0.75,-2.25,2.49,-9.59,1,0,0,1
350,1563.7,1562.23,-1.74,-0.76,-1.04,0.02,-10.49,1,0,0,1
351,1564.38,1562.26,-1.73,-0.76,-1.33,1.68,-10.07,1,0,0,1
352,1564.18,1562.27,-1.72,-0.76,-2.1,1.54,-9.89,1,0,0,1
353,1563.51,1562.2,-1.76,-0.77,-0.76,0.63,-10.49,1,0,0,1
354,1563.51,1562.14,-1.8,-0.78,-2.29,2.33,-9.66,1,0,0,1
355,1563.9,1562.13,-1.81,-0.78,-1.18,0.9,-10.27,1,0,0,1
356,1563.7,1562.09,-1.83,-0.78,-1.54,1.04,-10.19,1,0,0,1
357,1563.8,1562.07,-1.84,-0.79,-1.63,1.74,-9.95,1,0,0,1
358,1563.8,1562.05,-1.85,-0.79,-1.89,2.58,-9.91,1,0,0,1
359,1563.8,1562.03,-1.86,-0.79,-2.78,1.57,-9.53,1,0,0,1
360,1564.38,1562.08,-1.82,-0.78,-2.82,2.28,-9.52,1,0,0,1
361,1563.8,1562.06,-1.83,-0.78,-2.34,1.97,-9.57,1,0,0,1
362,1563.99,1562.06,-1.83,-0.78,-1.33,0.13,-10.28,1,0,0,1
363,1563.9,1562.05,-1.83,-0.77,-2.67,1.78,-9.59,1,0,0,1
364,1563.9,1562.05,-1.83,-0.77,-2.28,2.32,-9.73,1,0,0,1
365,1564.18,1562.07,-1.81,-0.77,-2.3,1.57,-9.71,1,0,0,1
366,1564.09,1562.09,-1.8,-0.76,-2.2,2.23,-9.94,1,0,0,1
367,1563.8,1562.07,-1.81,-0.77,-2.18,0.88,-10.07,1,0,0,1
368,1563.99,1562.07,-1.81,-0.77,-1.24,0.5,-10.4,1,0,0,1
369,1563.99,1562.07,-1.81,-0.77,-1.95,1.06,-10.16,1,0,0,1
370,1563.7,1562.04,-1.82,-0.77,-2.03,2.16,-9.84,1,0,0,1
371,1563.9,1562.04,-1.82,-0.77,-2.74,2.18,-9.54,1,0,0,1
372,1563.61,1562,-1.84,-0.77,-2.23,2.78,-9.7,1,0,0,1
373,1563.7,1561.98,-1.85,-0.77,-2.64,0.83,-9.7,1,0,0,1
374,1564.09,1562,-1.83,-0.77,-1.39,0.4,-10.41,1,0,0,1
375,1563.9,1562,-1.83,-0.76,-2.92,2.14,-9.56,1,0,0,1
376,1564.28,1562.04,-1.8,-0.76,-2.24,1.91,-9.64,1,0,0,1
377,1564.57,1562.12,-1.75,-0.74,-2.73,1.5,-9.73,1,0,0,1
378,1563.99,1562.12,-1.75,-0.74,-1.84,0.97,-10.35,1,0,0,1
379,1563.99,1562.12,-1.75,-0.74,-2.77,2.91,-9.38,1,0,0,1
380,1563.7,1562.09,-1.76,-0.74,-2.41,1.83,-9.87,1,0,0,1
381,1564.09,1562.11,-1.75,-0.74,-2.65,2.1,-9.73,1,0,0,1
382,1563.13,1562.02,-1.8,-0.75,-2.5,1.77,-9.62,1,0,0,1
383,1563.22,1561.94,-1.84,-0.77,-1.86,1.58,-10.19,1,0,0,1
384,1564.18,1561.98,-1.81,-0.75,-3.88,2.7,-8.89,1,0,0,1
385,1563.9,1561.99,-1.81,-0.75,-3.11,1.97,-9.5,1,0,0,1
386,1564.18,1562.02,-1.78,-0.74,-2.02,1.35,-9.86,1,0,0,1
387,1563.61,1561.99,-1.79,-0.75,-3.16,2.17,-9.41,1,0,0,1
388,1563.8,1561.99,-1.79,-0.75,-2.65,1.68,-9.67,1,0,0,1
389,1563.8,1561.98,-1.8,-0.75,-1.94,1.19,-9.98,1,0,0,1
390,1563.7,1561.96,-1.8,-0.75,-2.71,2.13,-9.63,1,0,0,1
391,1563.8,1561.96,-1.8,-0.75,-1.97,1.46,-9.91,1,0,0,1
392,1563.7,1561.94,-1.81,-0.75,-2.17,1.6,-9.87,1,0,0,1
393,1563.61,1561.92,-1.81,-0.75,-2.43,1.56,-9.76,1,0,0,1
394,1563.8,1561.92,-1.81,-0.75,-2.6,1.81,-9.62,1,0,0,1
395,1563.61,1561.9,-1.82,-0.75,-2.85,1.75,-9.45,1,0,0,1
396,1563.61,1561.88,-1.82,-0.75,-2.48,1.75,-9.66,1,0,0,1
397,1563.51,1561.85,-1.83,-0.75,-2.79,1.63,-9.7,1,0,0,1
398,1563.32,1561.8,-1.86,-0.76,-0.51,1,-10.22,1,0,0,1
399,1563.42,1561.77,-1.87,-0.76,-3.7,2.7,-9.2,1,0,0,1
400,1563.7,1561.77,-1.86,-0.76,-1.9,1.15,-10.17,1,0,0,1
401,1563.51,1561.74,-1.87,-0.76,-3.51,1.55,-9.86,1,0,0,1
402,1563.22,1561.69,-1.9,-0.77,-2.48,0.86,-10.46,1,0,0,1
403,1563.42,1561.66,-1.91,-0.77,-1.46,1.27,-10.15,1,0,0,1
404,1563.8,1561.68,-1.89,-0.76,-2.37,2.31,-9.43,1,0,0,1
405,1563.99,1561.72,-1.86,-0.75,-2.07,0.78,-9.91,1,0,0,1
406,1564.09,1561.77,-1.82,-0.75,-1.83,1.14,-10.14,1,0,0,1
407,1563.32,1561.73,-1.84,-0.75,-2.12,1.13,-10.16,1,0,0,1
408,1563.32,1561.69,-1.86,-0.75,-1.86,1.84,-9.89,1,0,0,1
409,1564.09,1561.75,-1.82,-0.74,-1.08,1.83,-9.93,1,0,0,1
410,1563.7,1561.75,-1.81,-0.74,-2.48,1.4,-9.74,1,0,0,1
411,1563.8,1561.77,-1.79,-0.74,-2.63,2.1,-9.45,1,0,0,1
412,1564.09,1561.82,-1.76,-0.73,-2.48,1.86,-9.87,1,0,0,1
413,1563.9,1561.85,-1.75,-0.72,-1.6,1.15,-10,1,0,0,1
414,1563.61,1561.84,-1.75,-0.72,-1.03,1.12,-9.99,1,0,0,1
415,1563.51,1561.82,-1.75,-0.73,-2.17,3.6,-9.36,1,0,0,1
416,1563.99,1561.86,-1.73,-0.72,-2.68,1.74,-9.62,1,0,0,1
417,1563.7,1561.86,-1.73,-0.72,-1.58,0.63,-10.18,1,0,0,1
418,1564.18,1561.92,-1.69,-0.71,-1.7,1.19,-10.06,1,0,0,1
419,1563.51,1561.89,-1.71,-0.72,-2.35,1.57,-9.84,1,0,0,1
420,1563.9,1561.92,-1.69,-0.71,-1.85,1.49,-9.89,1,0,0,1
421,1563.61,1561.9,-1.7,-0.72,-2.07,1.34,-10,1,0,0,1
422,1563.9,1561.92,-1.69,-0.72,-1.76,0.83,-10.55,1,0,0,1
423,1563.9,1561.94,-1.68,-0.71,-1.82,1.45,-10.04,1,0,0,1
424,1563.61,1561.93,-1.68,-0.71,-2.55,2.51,-9.47,1,0,0,1
425,1563.99,1561.96,-1.67,-0.71,-1.93,0.96,-9.94,1,0,0,1
426,1563.61,1561.95,-1.68,-0.71,-1.62,1.45,-9.91,1,0,0,1
427,1564.28,1562.01,-1.64,-0.71,-1.44,1.12,-10.01,1,0,0,1
428,1563.99,1562.03,-1.63,-0.7,-2.15,1.7,-9.8,1,0,0,1
429,1563.7,1562.02,-1.64,-0.71,-1.91,1.1,-10.08,1,0,0,1
430,1563.61,1562.01,-1.65,-0.71,-1.8,1.61,-9.95,1,0,0,1
431,1563.8,1562.01,-1.65,-0.71,-2.16,1.03,-10.02,1,0,0,1
432,1563.7,1562,-1.66,-0.72,-1.68,0.96,-10.05,1,0,0,1
433,1563.9,1562.01,-1.65,-0.72,-1.54,1.4,-10.11,1,0,0,1
434,1563.9,1562.03,-1.65,-0.72,-1.86,1.42,-9.96,1,0,0,1
435,1563.8,1562.03,-1.65,-0.72,-2.07,1.63,-10.25,1,0,0,1
436,1563.51,1561.99,-1.67,-0.72,-1.85,1.44,-9.87,1,0,0,1
437,1563.51,1561.96,-1.69,-0.73,-1.16,0.8,-10.04,1,0,0,1
438,1563.32,1561.91,-1.72,-0.74,-2.14,1.36,-10.03,1,0,0,1
439,1563.99,1561.94,-1.7,-0.73,-2.37,2.4,-9.54,1,0,0,1
440,1564.09,1561.98,-1.68,-0.73,-2.1,1.08,-10.11,1,0,0,1
441,1563.7,1561.97,-1.69,-0.73,-0.85,0.98,-10.25,1,0,0,1
442,1563.42,1561.93,-1.72,-0.74,-2.06,1.5,-10.05,1,0,0,1
443,1563.9,1561.95,-1.71,-0.74,-1.19,1.11,-10.19,1,0,0,1
444,1563.99,1561.97,-1.69,-0.73,-2.82,1.99,-9.55,1,0,0,1
445,1564.09,1562.01,-1.68,-0.73,-1.38,1.33,-10.07,1,0,0,1
446,1563.32,1561.95,-1.71,-0.74,-1.12,0.51,-10.35,1,0,0,1
447,1564.09,1561.99,-1.69,-0.73,-2.16,1.48,-9.94,1,0,0,1
448,1563.32,1561.94,-1.72,-0.74,-1.71,1.22,-10.04,1,0,0,1
449,1563.99,1561.96,-1.71,-0.74,-2.02,1.54,-9.91,1,0,0,1
450,1564.18,1562.01,-1.69,-0.73,-1.75,1.17,-10.07,1,0,0,1
451,1563.7,1562,-1.7,-0.74,-1.42,0.97,-10.16,1,0,0,1
452,1564.09,1562.03,-1.68,-0.73,-2.11,1.64,-9.84,1,0,0,1
453,1563.8,1562.03,-1.68,-0.73,-1.46,1.03,-10.18,1,0,0,1
454,1563.42,1561.98,-1.71,-0.74,-1.66,1.4,-10.08,1,0,0,1
455,1563.8,1561.98,-1.71,-0.74,-1.93,1.64,-9.84,1,0,0,1
456,1563.8,1561.98,-1.71,-0.74,-1.96,1.04,-10.09,1,0,0,1
457,1563.99,1562,-1.7,-0.74,-2.05,1.42,-9.87,1,0,0,1
458,1563.7,1561.99,-1.71,-0.74,-1.91,1.21,-9.96,1,0,0,1
459,1563.9,1562,-1.71,-0.74,-0.59,0.92,-10.29,1,0,0,1
460,1563.99,1562.02,-1.7,-0.74,-2.3,1.49,-9.95,1,0,0,1
461,1563.99,1562.04,-1.69,-0.74,-1.78,1.04,-9.99,1,0,0,1
462,1563.8,1562.03,-1.7,-0.74,-1.69,1.04,-10.11,1,0,0,1
463,1563.9,1562.04,-1.69,-0.74,-2.02,1.64,-9.9,1,0,0,1
464,1564.18,1562.08,-1.68,-0.74,-1.03,0.74,-10.3,1,0,0,1
465,1563.9,1562.08,-1.67,-0.74,-2.38,2.32,-9.6,1,0,0,1
466,1563.7,1562.06,-1.69,-0.74,-1.76,1.45,-9.98,1,0,0,1
467,1563.7,1562.05,-1.7,-0.74,-1.83,1.16,-10.13,1,0,0,1
468,1563.9,1562.05,-1.7,-0.74,-1.47,1.28,-9.99,1,0,0,1
469,1563.7,1562.03,-1.71,-0.75,-1.69,1.2,-10.07,1,0,0,1
470,1563.9,1562.04,-1.71,-0.75,-1.75,1.23,-10.08,1,0,0,1
471,1563.51,1562,-1.74,-0.75,-2.21,1.31,-9.96,1,0,0,1
472,1563.9,1562,-1.74,-0.75,-1.54,0.99,-10.16,1,0,0,1
473,1563.8,1562,-1.74,-0.76,-1.7,1.03,-10.06,1,0,0,1
474,1563.42,1561.95,-1.77,-0.76,-2.27,1.78,-9.82,1,0,0,1
475,1563.99,1561.97,-1.76,-0.76,-2.68,0.41,-10.22,1,0,0,1
476,1563.7,1561.96,-1.77,-0.76,-1.18,1.37,-10.02,1,0,0,1
477,1564.57,1562.04,-1.72,-0.75,-2.03,1.03,-10.01,1,0,0,1
478,1563.61,1562.01,-1.74,-0.75,-1.55,1.07,-10.16,1,0,0,1
479,1563.7,1562,-1.75,-0.76,-2.05,0.94,-10.03,1,0,0,1
480,1564.09,1562.02,-1.73,-0.75,-2.1,1.08,-10.02,1,0,0,1
481,1564.47,1562.1,-1.69,-0.74,-2.94,1.41,-9.55,1,0,0,1
482,1563.8,1562.08,-1.7,-0.74,-0.83,0.8,-10.18,1,0,0,1
483,1563.7,1562.06,-1.72,-0.75,-1.75,0.95,-10.35,1,0,0,1
484,1563.9,1562.06,-1.72,-0.75,-1.86,1.4,-9.92,1,0,0,1
485,1563.9,1562.06,-1.72,-0.75,-1.59,0.91,-10.05,1,0,0,1
486,1563.9,1562.07,-1.72,-0.75,-2.42,1.27,-9.85,1,0,0,1
487,1563.99,1562.08,-1.72,-0.75,-0.94,0.54,-10.25,1,0,0,1
488,1564.09,1562.1,-1.7,-0.75,-1.93,1.5,-9.91,1,0,0,1
489,1563.8,1562.09,-1.71,-0.75,-1.99,1.17,-10.05,1,0,0,1
490,1563.7,1562.06,-1.73,-0.75,-1.71,1.02,-10.07,1,0,0,1
491,1563.99,1562.07,-1.72,-0.75,-1.56,1.04,-10.1,1,0,0,1
492,1563.42,1562.02,-1.76,-0.76,-1.95,1,-10.04,1,0,0,1
493,1564.38,1562.08,-1.73,-0.75,-1.97,1.2,-10.01,1,0,0,1
494,1563.99,1562.08,-1.72,-0.75,-1.63,1.09,-10.06,1,0,0,1
495,1563.61,1562.05,-1.74,-0.76,-1.56,0.78,-10.09,1,0,0,1
496,1563.9,1562.05,-1.74,-0.76,-2.05,1.31,-9.9,1,0,0,1
497,1563.51,1562.01,-1.77,-0.76,-1.21,0.62,-10.39,1,0,0,1
498,1563.99,1562.02,-1.76,-0.76,-1.34,0.72,-9.98,1,0,0,1
499,1563.7,1562,-1.78,-0.77,-1.88,0.48,-10.26,1,0,0,1
500,1563.61,1561.97,-1.79,-0.77,-2.22,1.17,-9.8,1,0,0,1
501,1563.51,1561.93,-1.81,-0.77,-1.44,2.27,-9.85,1,0,0,1
502,1563.9,1561.94,-1.81,-0.77,-1.17,0.89,-10.3,1,0,0,1
503,1564.28,1561.99,-1.78,-0.76,-1.7,1.06,-9.57,1,0,0,1
504,1563.9,1561.99,-1.77,-0.76,-0.71,0.61,-10.16,1,0,0,1
505,1563.8,1561.99,-1.78,-0.76,-1.94,1.48,-9.89,1,0,0,1
506,1564.18,1562.02,-1.76,-0.76,-2.03,1.72,-10.12,1,0,0,1
507,1563.9,1562.03,-1.76,-0.76,-2.13,0.77,-10.15,1,0,0,1
508,1563.7,1562.01,-1.77,-0.76,-2.34,1.67,-9.7,1,0,0,1
509,1563.8,1562,-1.77,-0.76,-1.38,0.7,-10.16,1,0,0,1
510,1563.61,1561.97,-1.79,-0.76,-1.98,0.99,-10,1,0,0,1
511,1564.28,1562.02,-1.76,-0.75,-2,1.75,-10.02,1,0,0,1
512,1563.7,1562,-1.77,-0.76,-0.94,0.8,-10.4,1,0,0,1
513,1563.99,1562.01,-1.76,-0.76,-1.46,1.09,-10.06,1,0,0,1
514,1563.7,1561.99,-1.77,-0.76,-2.25,0.88,-9.82,1,0,0,1
515,1563.61,1561.97,-1.79,-0.76,-1.41,1.36,-9.84,1,0,0,1
516,1563.42,1561.92,-1.81,-0.77,-2.21,1.19,-9.96,1,0,0,1
517,1563.99,1561.94,-1.8,-0.76,-0.88,0.77,-9.95,1,0,0,1
518,1563.42,1561.89,-1.83,-0.77,-1.83,0.93,-10.24,1,0,0,1
519,1563.7,1561.88,-1.83,-0.77,-1.9,1.7,-9.3,1,0,0,1
520,1564.09,1561.92,-1.8,-0.76,-2.5,1.36,-9.73,1,0,0,1
521,1563.8,1561.92,-1.8,-0.76,-1.19,0.96,-9.93,1,0,0,1
522,1563.61,1561.9,-1.81,-0.76,-1.52,1.36,-10.06,1,0,0,1
523,1563.9,1561.91,-1.8,-0.76,-1.54,0.93,-10.28,1,0,0,1
524,1563.9,1561.92,-1.8,-0.76,-1.15,1.21,-10.28,1,0,0,1
525,1563.51,1561.88,-1.82,-0.76,-1.83,1.1,-10.12,1,0,0,1
526,1564.18,1561.93,-1.79,-0.76,-1.49,0.69,-10.14,1,0,0,1
527,1563.61,1561.91,-1.8,-0.76,-1.92,1.76,-9.76,1,0,0,1
528,1563.7,1561.9,-1.8,-0.76,-2.26,1.36,-9.71,1,0,0,1
529,1563.9,1561.91,-1.79,-0.75,-1.8,1.32,-9.69,1,0,0,1
530,1563.99,1561.93,-1.77,-0.75,-1.58,0.76,-10.07,1,0,0,1
531,1563.61,1561.91,-1.79,-0.76,-1.04,0.68,-10.29,1,0,0,1
532,1563.7,1561.9,-1.79,-0.76,-1.68,1.27,-9.99,1,0,0,1
533,1563.51,1561.87,-1.81,-0.76,-1.58,0.96,-10.12,1,0,0,1
534,1563.8,1561.87,-1.8,-0.76,-1.25,0.76,-10.19,1,0,0,1
535,1563.8,1561.88,-1.8,-0.76,-1.74,0.85,-10.08,1,0,0,1
536,1563.42,1561.84,-1.82,-0.76,-1.66,1.14,-10.03,1,0,0,1
537,1563.61,1561.82,-1.83,-0.76,-1.38,1.12,-10.05,1,0,0,1
538,1563.61,1561.81,-1.83,-0.77,-1.34,0.85,-10.26,1,0,0,1
539,1564.09,1561.85,-1.81,-0.76,-1.66,1.17,-10.1,1,0,0,1
540,1564.09,1561.89,-1.78,-0.75,-1.5,1.01,-10.2,1,0,0,1
541,1563.9,1561.9,-1.77,-0.75,-1.42,0.93,-10.24,1,0,0,1
542,1563.9,1561.91,-1.76,-0.75,-1.37,1.13,-10.07,1,0,0,1
543,1563.99,1561.94,-1.75,-0.75,-1.47,1,-10.18,1,0,0,1
544,1564.18,1561.98,-1.73,-0.74,-1.53,0.99,-10.12,1,0,0,1
545,1564.09,1562.01,-1.71,-0.74,-1.49,1.02,-10.21,1,0,0,1
546,1563.7,1562,-1.72,-0.74,-1.64,0.99,-10.04,1,0,0,1
547,1563.99,1562.02,-1.71,-0.74,-1.64,0.96,-10.17,1,0,0,1
548,1563.51,1561.98,-1.73,-0.74,-1.25,1.04,-10.2,1,0,0,1
549,1563.51,1561.94,-1.75,-0.75,-1.3,0.9,-10.28,1,0,0,1
550,1563.42,1561.9,-1.78,-0.76,-1.68,1.14,-9.95,1,0,0,1
551,1563.03,1561.82,-1.82,-0.77,-1.69,0.92,-10.12,1,0,0,1
552,1563.7,1561.82,-1.82,-0.77,-1.49,1.16,-10.09,1,0,0,1
553,1563.61,1561.8,-1.83,-0.77,-0.97,0.35,-10.34,1,0,0,1
554,1563.9,1561.82,-1.82,-0.77,-1.34,1.04,-10.15,1,0,0,1
555,1563.7,1561.82,-1.82,-0.77,-1.54,0.8,-10.17,1,0,0,1
556,1563.8,1561.83,-1.81,-0.76,-1.2,0.79,-10.18,1,0,0,1
557,1563.8,1561.83,-1.8,-0.76,-1.55,1.05,-10.12,1,0,0,1
558,1564.18,1561.88,-1.77,-0.76,-1.19,0.8,-10.3,1,0,0,1
559,1564.09,1561.92,-1.75,-0.75,-1.39,0.83,-10.35,1,0,0,1
560,1563.7,1561.91,-1.76,-0.75,-1.61,0.97,-9.97,1,0,0,1
561,1563.7,1561.9,-1.77,-0.75,-1.39,-0.13,-10.54,1,0,0,1
562,1563.42,1561.87,-1.79,-0.76,-2.42,1.73,-9.78,1,0,0,1
563,1563.8,1561.87,-1.78,-0.76,-2.4,1.59,-9.88,1,0,0,1
564,1563.51,1561.85,-1.79,-0.76,-1.47,0.88,-10.17,1,0,0,1
565,1563.8,1561.85,-1.79,-0.76,-0.62,0.18,-10.56,1,0,0,1
566,1563.61,1561.84,-1.8,-0.76,-1.46,1.1,-10.06,1,0,0,1
567,1564.18,1561.89,-1.77,-0.75,-1.57,1.45,-9.9,1,0,0,1
568,1564.28,1561.95,-1.74,-0.75,-0.27,0.06,-10.58,1,0,0,1
569,1563.61,1561.93,-1.75,-0.75,-1,1.46,-9.8,1,0,0,1
570,1563.61,1561.91,-1.76,-0.75,-1.22,0.74,-10.25,1,0,0,1
571,1564.09,1561.94,-1.74,-0.75,-1.36,0.97,-10.2,1,0,0,1
572,1563.8,1561.94,-1.74,-0.75,-0.74,0.23,-10.32,1,0,0,1
573,1564.28,1562,-1.71,-0.74,-1.71,1.13,-10.01,1,0,0,1
574,1564.47,1562.07,-1.67,-0.73,-0.6,1.19,-10.27,1,0,0,1
575,1564.47,1562.14,-1.63,-0.72,-2.12,-0.03,-10.52,1,0,0,1
576,1563.42,1562.08,-1.67,-0.73,-0.56,0.1,-10.37,1,0,0,1
577,1564.47,1562.15,-1.64,-0.73,-1.39,0.95,-10.08,1,0,0,1
578,1564.28,1562.19,-1.62,-0.72,-1.77,1.21,-10.02,1,0,0,1
579,1564.28,1562.23,-1.6,-0.72,-0.75,0.7,-10.49,1,0,0,1
580,1563.99,1562.23,-1.61,-0.72,-1.54,0.99,-10.15,1,0,0,1
581,1563.61,1562.19,-1.63,-0.73,-3.53,1.26,-9.87,1,0,0,1
582,1563.8,1562.17,-1.65,-0.73,-1.12,0.64,-10.23,1,0,0,1
583,1563.8,1562.16,-1.66,-0.74,-1.83,1.12,-9.88,1,0,0,1
584,1563.8,1562.14,-1.68,-0.74,-1.4,1.25,-10.07,1,0,0,1
585,1563.51,1562.09,-1.71,-0.75,-0.95,0.59,-10.38,1,0,0,1
586,1563.7,1562.07,-1.73,-0.76,-1.41,0.62,-10.16,1,0,0,1
587,1563.7,1562.05,-1.74,-0.76,-1.37,0.62,-10.27,1,0,0,1
588,1563.51,1562,-1.77,-0.77,-1.15,1.15,-10.07,1,0,0,1
589,1563.9,1562.01,-1.77,-0.77,-0.95,0.87,-10.17,1,0,0,1
590,1564.28,1562.05,-1.75,-0.76,-0.65,-0.01,-10.58,1,0,0,1
591,1563.7,1562.03,-1.76,-0.77,-1.32,1.02,-10.13,1,0,0,1
592,1563.9,1562.03,-1.76,-0.77,-2.43,1.71,-9.83,1,0,0,1
593,1563.51,1561.99,-1.79,-0.77,-1.04,0.87,-10.34,1,0,0,1
594,1563.99,1562,-1.78,-0.77,-1.22,0.08,-10.46,1,0,0,1
595,1563.9,1562,-1.78,-0.77,-2.5,1.69,-9.75,1,0,0,1
596,1564.09,1562.03,-1.77,-0.77,-0.8,1.07,-10.09,1,0,0,1
597,1564.38,1562.08,-1.74,-0.76,-2.31,-0.11,-10.28,1,0,0,1
598,1563.99,1562.09,-1.73,-0.76,-1.98,-0.03,-10.24,1,0,0,1
599,1564.09,1562.1,-1.73,-0.76,-1.35,0.92,-10.24,1,0,0,1
600,1564.18,1562.13,-1.71,-0.75,-1.32,1.03,-10.05,1,0,0,1
601,1564.38,1562.18,-1.69,-0.75,-1.02,0.33,-10.53,1,0,0,1
602,1564.28,1562.21,-1.67,-0.74,-3.23,1.87,-9.59,1,0,0,1
603,1564.47,1562.27,-1.64,-0.73,-1.54,0.92,-9.82,1,0,0,1
604,1564.09,1562.27,-1.65,-0.74,-1.43,0.58,-10.21,1,0,0,1
605,1564.28,1562.3,-1.64,-0.73,-1.93,1.17,-10.02,1,0,0,1
606,1564.28,1562.32,-1.63,-0.73,-1.03,0.74,-10.23,1,0,0,1
607,1563.51,1562.26,-1.67,-0.74,-2.18,1.6,-9.78,1,0,0,1
608,1563.8,1562.23,-1.69,-0.75,-1.48,0.9,-10.26,1,0,0,1
609,1563.8,1562.2,-1.71,-0.76,-0.34,-0.04,-10.67,1,0,0,1
610,1563.9,1562.19,-1.72,-0.76,-1.59,0.97,-10.01,1,0,0,1
611,1563.8,1562.17,-1.74,-0.76,-2.72,1.55,-9.8,1,0,0,1
612,1563.8,1562.14,-1.76,-0.77,-0.91,0.29,-10.43,1,0,0,1
613,1563.42,1562.08,-1.79,-0.78,-1.54,0.92,-9.99,1,0,0,1
614,1563.7,1562.05,-1.81,-0.78,-2.16,0.97,-9.97,1,0,0,1
615,1563.8,1562.03,-1.82,-0.78,-1.66,0.75,-10.06,1,0,0,1
616,1563.7,1562,-1.83,-0.79,-1.36,1.06,-10.13,1,0,0,1
617,1563.8,1561.99,-1.84,-0.79,-1.53,1.07,-10.14,1,0,0,1
618,1563.99,1562,-1.84,-0.79,-1.79,0.85,-10.21,1,0,0,1
619,1563.9,1562,-1.84,-0.78,-1.9,1.05,-10.03,1,0,0,1
620,1564.18,1562.03,-1.82,-0.78,-1.3,0.85,-10.1,1,0,0,1
621,1563.99,1562.03,-1.81,-0.78,-1.89,0.82,-10.12,1,0,0,1
622,1564.09,1562.05,-1.8,-0.77,-1.69,0.65,-10.26,1,0,0,1
623,1564.38,1562.1,-1.77,-0.76,-2.05,1.4,-9.62,1,0,0,1
624,1564.09,1562.11,-1.76,-0.76,-1.83,0.27,-10.14,1,0,0,1
625,1564.57,1562.18,-1.73,-0.75,-0.73,0.26,-10.44,1,0,0,1
626,1563.61,1562.13,-1.76,-0.76,-2.27,1.32,-9.88,1,0,0,1
627,1564.09,1562.15,-1.75,-0.76,-1.91,1.44,-10.01,1,0,0,1
628,1563.7,1562.11,-1.77,-0.76,-1.45,0.89,-10.16,1,0,0,1
629,1564.38,1562.16,-1.74,-0.76,-1.99,1.13,-10.09,1,0,0,1
630,1563.22,1562.07,-1.8,-0.77,-1.46,0.99,-10.21,1,0,0,1
631,1563.03,1561.96,-1.86,-0.79,-1.31,1.07,-10.14,1,0,0,1
632,1563.61,1561.93,-1.87,-0.79,-2.01,1.45,-9.9,1,0,0,1
633,1563.51,1561.89,-1.89,-0.8,-1.1,-0.13,-10.54,1,0,0,1
634,1563.42,1561.84,-1.92,-0.8,-1.16,0.67,-10.14,1,0,0,1
635,1563.8,1561.84,-1.91,-0.8,-2.75,1.8,-9.53,1,0,0,1
636,1563.7,1561.83,-1.92,-0.8,-1.63,0.64,-10.13,1,0,0,1
637,1563.99,1561.84,-1.9,-0.79,-0.59,1.18,-10.25,1,0,0,1
638,1563.51,1561.81,-1.91,-0.79,-1.79,1.05,-9.99,1,0,0,1
639,1564.09,1561.84,-1.89,-0.79,-1.47,0.37,-10.23,1,0,0,1
640,1563.7,1561.83,-1.89,-0.79,-1.76,1.45,-9.95,1,0,0,1
641,1563.7,1561.82,-1.89,-0.79,-1.35,0.6,-10.18,1,0,0,1
642,1563.61,1561.8,-1.9,-0.79,-1.69,0.8,-10.05,1,0,0,1
643,1563.32,1561.75,-1.93,-0.79,-1.58,0.61,-10.16,1,0,0,1
644,1564.09,1561.79,-1.9,-0.78,-2.39,0.84,-9.89,1,0,0,1
645,1563.61,1561.77,-1.9,-0.79,-1.05,0.21,-10.38,1,0,0,1
646,1563.42,1561.73,-1.92,-0.79,-1.28,1.02,-10.19,1,0,0,1
647,1563.61,1561.72,-1.92,-0.79,-1.84,1.12,-10.09,1,0,0,1
648,1563.61,1561.71,-1.92,-0.79,-0.92,0.26,-10.45,1,0,0,1
649,1563.61,1561.7,-1.92,-0.79,-1.4,1.07,-10.07,1,0,0,1
650,1563.8,1561.71,-1.91,-0.78,-1.72,1.03,-10.06,1,0,0,1
651,1563.61,1561.7,-1.91,-0.78,-1.64,0.89,-10.07,1,0,0,1
652,1563.8,1561.72,-1.89,-0.78,-1.79,1.03,-10,1,0,0,1
653,1563.8,1561.73,-1.88,-0.77,-1.07,0.37,-10.38,1,0,0,1
654,1563.42,1561.7,-1.9,-0.78,-1.41,1.13,-10.09,1,0,0,1
655,1563.13,1561.64,-1.92,-0.78,-1.75,1.02,-10.08,1,0,0,1
656,1563.7,1561.64,-1.91,-0.78,-0.98,0.43,-10.38,1,0,0,1
657,1563.61,1561.64,-1.91,-0.78,-1.8,1.17,-10.16,1,0,0,1
658,1563.51,1561.63,-1.91,-0.78,-1.57,0.79,-10.27,1,0,0,1
659,1564.09,1561.68,-1.87,-0.77,-1.56,1.15,-9.97,1,0,0,1
660,1563.61,1561.68,-1.87,-0.77,-1.27,0.44,-10.41,1,0,0,1
661,1563.13,1561.62,-1.9,-0.77,-1.43,1.33,-9.93,1,0,0,1
662,1563.8,1561.65,-1.88,-0.77,-1.81,0.77,-10.17,1,0,0,1
663,1563.7,1561.66,-1.87,-0.77,-1.7,1.2,-10,1,0,0,1
664,1563.9,1561.69,-1.85,-0.76,-0.8,0.13,-10.59,1,0,0,1
665,1563.8,1561.71,-1.83,-0.76,-1.79,1.09,-9.93,1,0,0,1
666,1563.7,1561.72,-1.82,-0.75,-2.25,1.22,-9.92,1,0,0,1
667,1563.32,1561.68,-1.84,-0.76,-0.99,0.34,-10.22,1,0,0,1
668,1563.42,1561.66,-1.84,-0.76,-2.07,1.01,-9.86,1,0,0,1
669,1563.13,1561.61,-1.87,-0.77,-1.23,0.64,-10.33,1,0,0,1
670,1563.61,1561.62,-1.86,-0.76,-1.44,1.33,-9.91,1,0,0,1
671,1563.99,1561.67,-1.83,-0.75,-1.98,0.86,-10.09,1,0,0,1
672,1563.7,1561.68,-1.82,-0.75,-1.13,0.58,-10.18,1,0,0,1
673,1563.99,1561.73,-1.79,-0.74,-1.23,1,-10.12,1,0,0,1
674,1563.8,1561.75,-1.77,-0.74,-1.65,0.74,-10.16,1,0,0,1
675,1563.51,1561.74,-1.78,-0.74,-1.56,0.76,-10.11,1,0,0,1
676,1563.61,1561.74,-1.77,-0.74,-1.61,1.03,-10.09,1,0,0,1
677,1563.42,1561.71,-1.79,-0.75,-1.7,0.44,-10.21,1,0,0,1
678,1563.22,1561.67,-1.81,-0.75,-1.3,0.46,-10.3,1,0,0,1
679,1563.32,1561.64,-1.82,-0.76,-1.49,0.84,-10.08,1,0,0,1
680,1563.7,1561.66,-1.81,-0.75,-1.6,1.13,-10.08,1,0,0,1
681,1563.7,1561.68,-1.8,-0.75,-2.22,0.87,-10.12,1,0,0,1
682,1563.61,1561.68,-1.79,-0.75,-1.14,0.91,-10.26,1,0,0,1
683,1563.51,1561.67,-1.79,-0.75,-1.15,0.61,-10.28,1,0,0,1
684,1563.7,1561.69,-1.78,-0.75,-1.78,0.85,-10.12,1,0,0,1
685,1563.7,1561.71,-1.77,-0.74,-2.23,0.95,-9.97,1,0,0,1
686,1563.61,1561.71,-1.77,-0.74,-1.45,0.72,-10.11,1,0,0,1
687,1563.42,1561.69,-1.78,-0.75,-1.13,1.37,-9.78,1,0,0,1
688,1563.42,1561.68,-1.78,-0.75,-2.02,1.07,-10.18,1,0,0,1
689,1563.7,1561.69,-1.77,-0.75,-1.54,0.41,-10.24,1,0,0,1
690,1563.32,1561.67,-1.79,-0.75,-1.19,1.23,-10.03,1,0,0,1
691,1563.42,1561.65,-1.79,-0.75,-1.6,1.04,-10.11,1,0,0,1
692,1563.13,1561.61,-1.82,-0.76,-1.96,0.92,-10,1,0,0,1
693,1563.03,1561.55,-1.85,-0.77,-1.57,1.42,-10.14,1,0,0,1
694,1563.22,1561.52,-1.86,-0.77,-1.88,0.49,-10.08,1,0,0,1
695,1563.7,1561.55,-1.84,-0.76,-1.02,0.63,-10.29,1,0,0,1
696,1563.61,1561.56,-1.83,-0.76,-0.68,0.92,-10.3,1,0,0,1
697,1563.42,1561.56,-1.83,-0.76,-2.03,1.28,-10.11,1,0,0,1
698,1563.99,1561.61,-1.79,-0.75,-1.98,0.6,-10.27,1,0,0,1
699,1563.9,1561.66,-1.76,-0.74,-2.01,0.95,-9.96,1,0,0,1
700,1563.7,1561.68,-1.75,-0.74,-1.54,1.21,-10.1,1,0,0,1
701,1563.32,1561.66,-1.76,-0.74,-1.82,1.14,-10.09,1,0,0,1
702,1563.9,1561.7,-1.74,-0.74,-1.2,0.73,-10.13,1,0,0,1
703,1563.7,1561.72,-1.73,-0.74,-1.07,0.7,-10.02,1,0,0,1
704,1563.99,1561.77,-1.7,-0.73,-1.17,0.73,-10.14,1,0,0,1
705,1563.61,1561.77,-1.7,-0.73,-2.65,0.42,-9.94,1,0,0,1
706,1563.7,1561.78,-1.69,-0.73,-0.95,0.19,-10.42,1,0,0,1
707,1564.57,1561.89,-1.63,-0.71,-1.71,1.57,-9.78,1,0,0,1
708,1563.51,1561.88,-1.65,-0.72,-1.95,0.18,-10.64,1,0,0,1
709,1563.42,1561.85,-1.66,-0.72,-0.2,1.11,-10.03,1,0,0,1
710,1563.7,1561.85,-1.67,-0.73,-0.98,-0.61,-11.19,1,0,0,1
711,1563.9,1561.88,-1.65,-0.72,-0.68,1.39,-9.77,1,0,0,1
712,1563.7,1561.89,-1.65,-0.73,-2.24,1.14,-9.92,1,0,0,1
713,1563.7,1561.9,-1.65,-0.73,-3.2,1.2,-9.8,1,0,0,1
714,1563.8,1561.91,-1.65,-0.72,-1.52,1.04,-9.79,1,0,0,1
715,1563.7,1561.91,-1.65,-0.72,-1.71,0.72,-9.95,1,0,0,1
716,1563.8,1561.93,-1.64,-0.72,-2.66,1.96,-9.91,1,0,0,1
717,1563.99,1561.96,-1.63,-0.72,-2.11,0.23,-10.3,1,0,0,1
718,1563.9,1561.98,-1.62,-0.72,-1.31,1.47,-10.16,1,0,0,1
719,1563.99,1562.01,-1.61,-0.72,-1.23,0.46,-9.57,1,0,0,1
720,1563.61,1561.99,-1.62,-0.72,-0.6,-0.38,-10.47,1,0,0,1
721,1563.7,1561.99,-1.63,-0.73,-3.03,0.3,-9.94,1,0,0,1
722,1563.9,1562.01,-1.63,-0.73,0.18,1.6,-10.27,1,0,0,1
723,1563.61,1561.99,-1.64,-0.73,-0.69,-0.07,-10.48,1,0,0,1
724,1563.42,1561.95,-1.67,-0.74,-2.94,1.13,-9.66,1,0,0,1
725,1563.9,1561.97,-1.66,-0.74,-0.99,0.74,-10.18,1,0,0,1
726,1564.18,1562.02,-1.64,-0.73,-1.07,0.6,-9.79,1,0,0,1
727,1563.8,1562.02,-1.64,-0.73,-2.31,0.66,-9.91,1,0,0,1
728,1563.7,1562.01,-1.65,-0.74,-2.51,0.8,-10,1,0,0,1
729,1563.61,1561.99,-1.67,-0.74,-2.65,1.57,-9.99,1,0,0,1
730,1563.8,1561.99,-1.67,-0.74,0.31,0.13,-10.59,1,0,0,1
731,1563.9,1562,-1.67,-0.74,-1.18,0,-10.63,1,0,0,1
732,1564.18,1562.05,-1.65,-0.74,-1.64,1.84,-9.48,1,0,0,1
733,1564.28,1562.1,-1.63,-0.73,-2.61,-0.29,-10.6,1,0,0,1
734,1563.7,1562.08,-1.64,-0.74,0.32,1.65,-10.25,1,0,0,1
735,1564.09,1562.11,-1.63,-0.74,-0.61,0.2,-10.59,1,0,0,1
736,1564.09,1562.13,-1.62,-0.74,-2.73,0.74,-9.75,1,0,0,1
737,1563.99,1562.15,-1.62,-0.73,-3.23,1.81,-9.53,1,0,0,1
738,1563.99,1562.16,-1.62,-0.73,-2.28,1.07,-9.87,1,0,0,1
739,1563.32,1562.1,-1.66,-0.74,-4.87,1.98,-9.15,1,0,0,1
740,1563.99,1562.11,-1.65,-0.74,-2.18,0.73,-9.91,1,0,0,1
741,1563.7,1562.09,-1.67,-0.75,-2.35,0.16,-10.11,1,0,0,1
742,1563.8,1562.08,-1.68,-0.75,-0.71,1.59,-10.09,1,0,0,1
743,1563.8,1562.07,-1.69,-0.75,-1.87,0.2,-10.15,1,0,0,1
744,1563.7,1562.05,-1.71,-0.76,-2.32,1.47,-10.17,1,0,0,1
745,1564.09,1562.08,-1.7,-0.75,-1.54,0.81,-10.32,1,0,0,1
746,1564.09,1562.1,-1.69,-0.75,-1.14,0.76,-9.74,1,0,0,1
747,1563.8,1562.09,-1.7,-0.75,-0.32,1.18,-10.05,1,0,0,1
748,1563.9,1562.09,-1.7,-0.76,-1.59,0.79,-10.17,1,0,0,1
749,1563.42,1562.03,-1.73,-0.76,-2.16,1.41,-10.03,1,0,0,1
750,1563.7,1562.02,-1.75,-0.77,-2.09,0.97,-10.2,1,0,0,1
751,1563.51,1561.98,-1.77,-0.77,-1.42,1.2,-9.83,1,0,0,1
752,1564.28,1562.03,-1.75,-0.77,-1.44,1,-10.1,1,0,0,1
753,1563.51,1561.99,-1.77,-0.77,-2.11,1.39,-9.89,1,0,0,1
754,1563.8,1561.98,-1.77,-0.77,-2.21,1.38,-9.98,1,0,0,1
755,1563.99,1562,-1.77,-0.77,-2.51,0.83,-10.1,1,0,0,1
756,1563.99,1562.01,-1.76,-0.77,-0.68,0.83,-10.34,1,0,0,1
757,1563.99,1562.02,-1.75,-0.77,-2.04,1.04,-9.95,1,0,0,1
758,1563.32,1561.96,-1.79,-0.78,-1.56,0.86,-10.22,1,0,0,1
759,1563.99,1561.98,-1.78,-0.77,-1.7,0.97,-9.87,1,0,0,1
760,1563.99,1561.99,-1.77,-0.77,-1.93,1.4,-9.97,1,0,0,1
761,1564.28,1562.04,-1.74,-0.76,-1.98,1.15,-10.07,1,0,0,1
762,1563.99,1562.05,-1.74,-0.76,-1.59,0.75,-9.7,1,0,0,1
763,1563.9,1562.06,-1.74,-0.76,-1.49,1.31,-9.85,1,0,0,1
764,1563.9,1562.06,-1.74,-0.76,-2.29,1.74,-9.78,1,0,0,1
765,1563.7,1562.04,-1.75,-0.76,-2.77,1.38,-9.94,1,0,0,1
766,1563.51,1561.99,-1.78,-0.77,-1.14,1.6,-10.02,1,0,0,1
767,1564.47,1562.06,-1.74,-0.76,-2.11,0.77,-9.91,1,0,0,1
768,1563.9,1562.06,-1.74,-0.76,-2.3,1.3,-10.02,1,0,0,1
769,1564.09,1562.08,-1.73,-0.75,-1.68,1.14,-10.13,1,0,0,1
770,1564.28,1562.12,-1.7,-0.75,-1.99,1.32,-9.85,1,0,0,1
771,1563.8,1562.11,-1.72,-0.75,-2.3,1.22,-10.28,1,0,0,1
772,1563.8,1562.09,-1.73,-0.75,-1.09,0.59,-10.38,1,0,0,1
773,1563.42,1562.03,-1.76,-0.76,-2.03,1.24,-10.1,1,0,0,1
774,1563.99,1562.04,-1.76,-0.76,-1.11,1.44,-10.29,1,0,0,1
775,1563.51,1562,-1.79,-0.77,-0.77,0.75,-10.76,1,0,0,1
776,1563.03,1561.9,-1.85,-0.79,-1.34,0.88,-10.21,1,0,0,1
777,1563.7,1561.89,-1.85,-0.79,-1.37,1.14,-9.99,1,0,0,1
778,1564.18,1561.93,-1.83,-0.78,-2.85,0.77,-10.35,1,0,0,1
779,1563.8,1561.92,-1.83,-0.78,-0.89,2.27,-10.06,1,0,0,1
780,1564.28,1561.97,-1.8,-0.77,-0.98,-0.02,-10.74,1,0,0,1
781,1563.61,1561.94,-1.82,-0.78,-2.29,1.84,-9.77,1,0,0,1
782,1563.9,1561.95,-1.81,-0.77,-2.75,0.9,-9.96,1,0,0,1
783,1563.22,1561.88,-1.85,-0.78,-2.07,1.25,-9.89,1,0,0,1
784,1564.18,1561.92,-1.82,-0.78,-2.02,0.92,-10.16,1,0,0,1
785,1563.8,1561.92,-1.82,-0.78,-1.25,1.16,-10.09,1,0,0,1
786,1564.28,1561.97,-1.79,-0.77,-2.79,1.08,-9.84,1,0,0,1
787,1563.7,1561.95,-1.8,-0.77,-1.08,1.34,-10.13,1,0,0,1
788,1563.99,1561.97,-1.79,-0.77,-1.5,0.74,-10.29,1,0,0,1
789,1563.9,1561.97,-1.79,-0.76,-1.61,1.75,-9.76,1,0,0,1
790,1564.18,1562.01,-1.76,-0.76,0.2,0.02,-10,1,0,0,1
791,1563.99,1562.02,-1.76,-0.75,-1.71,-0.34,-10.18,1,0,0,1
792,1564.28,1562.07,-1.73,-0.75,-0.31,3.62,-9.77,1,0,0,1
793,1563.99,1562.08,-1.73,-0.75,-0.48,-0.1,-10.68,1,0,0,1
794,1563.42,1562.02,-1.76,-0.76,-3.28,1.2,-9.67,1,0,0,1
795,1563.61,1561.99,-1.78,-0.76,-2.54,1.2,-9.86,1,0,0,1
796,1563.61,1561.97,-1.79,-0.76,-0.72,0.53,-9.94,1,0,0,1
797,1563.99,1561.98,-1.79,-0.76,-0.11,-1.6,-11.01,1,0,0,1
798,1563.51,1561.94,-1.8,-0.77,-4.21,3.52,-8.94,1,0,0,1
799,1563.8,1561.94,-1.8,-0.76,-1.7,1.59,-9.88,1,0,0,1
800,1564.38,1562.01,-1.76,-0.75,-2.47,2.82,-9.36,1,0,0,1
801,1563.99,1562.02,-1.75,-0.75,-1.34,1.26,-10.23,1,0,0,1
802,1563.51,1561.98,-1.78,-0.76,-1.15,1.11,-10.4,1,0,0,1
803,1563.61,1561.95,-1.79,-0.76,-3.28,1.46,-9.66,1,0,0,1
804,1563.99,1561.97,-1.78,-0.76,0.17,1.28,-10.6,1,0,0,1
805,1563.9,1561.97,-1.78,-0.76,-0.92,2.25,-9.92,1,0,0,1
806,1563.9,1561.98,-1.77,-0.76,-2.69,2.1,-9.88,1,0,0,1
807,1563.99,1562,-1.76,-0.75,-1.24,1.36,-9.94,1,0,0,1
808,1563.61,1561.97,-1.78,-0.76,-1.1,1.29,-9.96,1,0,0,1
809,1563.9,1561.98,-1.77,-0.75,-2,1.67,-9.99,1,0,0,1
810,1563.7,1561.96,-1.78,-0.76,-1.45,1.53,-9.84,1,0,0,1
811,1563.61,1561.94,-1.79,-0.76,-2.23,0.82,-9.89,1,0,0,1
812,1564.09,1561.97,-1.77,-0.75,-1.04,1.88,-10.1,1,0,0,1
813,1564.09,1561.99,-1.76,-0.75,-1.59,0.94,-10.24,1,0,0,1
814,1563.7,1561.98,-1.77,-0.75,-1.8,1.27,-10.06,1,0,0,1
815,1564.38,1562.04,-1.73,-0.74,-1.34,1.36,-10.18,1,0,0,1
816,1563.61,1562.01,-1.75,-0.75,-1.79,1.4,-10.41,1,0,0,1
817,1563.51,1561.97,-1.78,-0.76,-1.56,-0.06,-10.36,1,0,0,1
818,1563.51,1561.93,-1.8,-0.76,-0.1,2.43,-9.85,1,0,0,1
819,1563.99,1561.95,-1.78,-0.76,-1.48,0.33,-10.49,1,0,0,1
820,1564.09,1561.98,-1.77,-0.75,-2.45,0.85,-10.09,1,0,0,1
821,1563.42,1561.93,-1.79,-0.76,-1.9,1.37,-9.91,1,0,0,1
822,1563.7,1561.92,-1.8,-0.76,-1.55,1.08,-10.07,1,0,0,1
823,1563.9,1561.93,-1.79,-0.76,-1.51,1.24,-9.92,1,0,0,1
824,1564.09,1561.96,-1.77,-0.75,-1.86,0.54,-10.03,1,0,0,1
825,1564.18,1562,-1.75,-0.75,-2.04,1.53,-9.85,1,0,0,1
826,1563.8,1561.99,-1.75,-0.75,-1.83,0.82,-10.34,1,0,0,1
827,1564.09,1562.02,-1.74,-0.75,-1.38,1.18,-10.1,1,0,0,1
828,1564.09,1562.05,-1.72,-0.74,-1.47,1.84,-9.95,1,0,0,1
829,1564.38,1562.1,-1.69,-0.73,-1.85,1.59,-10.14,1,0,0,1
830,1563.99,1562.11,-1.69,-0.73,-1.58,1.72,-9.79,1,0,0,1
831,1564.09,1562.13,-1.68,-0.73,-1.75,0.59,-10.03,1,0,0,1
832,1563.8,1562.12,-1.69,-0.74,-0.35,1.18,-10.29,1,0,0,1
833,1563.8,1562.11,-1.7,-0.74,-1.55,1.25,-9.99,1,0,0,1
834,1564.18,1562.14,-1.68,-0.73,-1.71,1.08,-10.02,1,0,0,1
835,1564.18,1562.16,-1.67,-0.73,-2.83,1.18,-10.02,1,0,0,1
836,1563.9,1562.16,-1.67,-0.73,-1.37,1.32,-9.92,1,0,0,1
837,1563.51,1562.11,-1.71,-0.74,-2.27,0.64,-10.32,1,0,0,1
838,1563.8,1562.09,-1.72,-0.75,-1.34,1.56,-10.07,1,0,0,1
839,1563.8,1562.08,-1.73,-0.75,-1.83,0.82,-10.2,1,0,0,1
840,1563.9,1562.08,-1.73,-0.75,-0.99,1.82,-9.73,1,0,0,1
841,1563.99,1562.09,-1.72,-0.75,-1.53,0.84,-10.1,1,0,0,1
842,1563.8,1562.08,-1.73,-0.75,-1.93,0.86,-10,1,0,0,1
843,1563.9,1562.07,-1.74,-0.75,-1.48,1.18,-10.09,1,0,0,1
844,1563.7,1562.05,-1.75,-0.76,-1.07,1.44,-10.18,1,0,0,1
845,1563.9,1562.05,-1.75,-0.76,-2.03,0.27,-10.29,1,0,0,1
846,1563.7,1562.03,-1.77,-0.76,-0.4,1.63,-9.76,1,0,0,1
847,1563.99,1562.04,-1.76,-0.76,-0.53,0.7,-10.5,1,0,0,1
848,1563.99,1562.05,-1.75,-0.76,-2.33,1.26,-9.6,1,0,0,1
849,1563.99,1562.06,-1.75,-0.75,-2.7,1.47,-9.73,1,0,0,1
850,1563.9,1562.06,-1.75,-0.75,-2.26,1.51,-9.85,1,0,0,1
851,1564.28,1562.1,-1.72,-0.75,-2.12,1.47,-10.28,1,0,0,1
852,1563.9,1562.1,-1.73,-0.75,-3.1,1.47,-10.09,1,0,0,1
853,1563.8,1562.08,-1.74,-0.75,-1.67,1.48,-9.87,1,0,0,1
854,1563.22,1562.01,-1.78,-0.76,-2.27,1.07,-10.11,1,0,0,1
855,1563.61,1561.97,-1.8,-0.77,-1.02,1.6,-10.24,1,0,0,1
856,1563.99,1561.99,-1.79,-0.77,-1.98,1.21,-10.19,1,0,0,1
857,1564.38,1562.04,-1.76,-0.76,-2.26,1.71,-9.94,1,0,0,1
858,1563.99,1562.05,-1.75,-0.75,-1.48,1.38,-10.05,1,0,0,1
859,1564.18,1562.08,-1.74,-0.75,-1.95,1.26,-10.28,1,0,0,1
860,1563.99,1562.09,-1.73,-0.75,-3.07,2.14,-9.79,1,0,0,1
861,1564.28,1562.14,-1.71,-0.74,-1.41,1.87,-9.71,1,0,0,1
862,1564.18,1562.16,-1.7,-0.74,0.33,1.04,-10.43,1,0,0,1
863,1563.7,1562.13,-1.72,-0.75,-0.61,0.95,-10.24,1,0,0,1
864,1563.42,1562.07,-1.75,-0.76,-2.4,0.74,-10.17,1,0,0,1
865,1563.9,1562.07,-1.75,-0.76,-1.45,1.24,-9.79,1,0,0,1
866,1563.8,1562.05,-1.76,-0.76,-0.46,0.1,-10.19,1,0,0,1
867,1563.61,1562.02,-1.79,-0.77,-2.44,-0.19,-10.5,1,0,0,1
868,1563.99,1562.02,-1.78,-0.76,-2.93,0.58,-10.39,1,0,0,1
869,1563.99,1562.03,-1.78,-0.76,-2.17,0.5,-10.26,1,0,0,1
870,1563.61,1562,-1.79,-0.77,-1.02,2.14,-9.62,1,0,0,1
871,1564.09,1562.03,-1.78,-0.76,-1.26,-0.14,-10.06,1,0,0,1
872,1563.8,1562.01,-1.79,-0.76,-0.53,1.75,-10.3,1,0,0,1
873,1563.99,1562.02,-1.78,-0.76,-2.47,0.99,-9.92,1,0,0,1
874,1563.99,1562.03,-1.77,-0.76,-0.87,1.31,-10.31,1,0,0,1
875,1563.8,1562.02,-1.78,-0.76,-2.33,1.62,-9.95,1,0,0,1
876,1563.8,1562.01,-1.79,-0.76,-1.41,2.57,-10.34,1,0,0,1
877,1563.9,1562.01,-1.79,-0.77,-0.72,0.99,-10.5,1,0,0,1
878,1563.8,1562,-1.79,-0.77,0.55,0.35,-9.96,1,0,0,1
879,1563.99,1562.01,-1.79,-0.77,-2.92,-0.6,-10.43,1,0,0,1
880,1564.18,1562.04,-1.77,-0.76,-0.42,1.45,-9.82,1,0,0,1
881,1564.28,1562.08,-1.74,-0.75,-1.68,1.1,-10.18,1,0,0,1
882,1563.7,1562.06,-1.76,-0.76,-0.77,1.61,-9.77,1,0,0,1
883,1563.61,1562.02,-1.78,-0.76,-2.62,-0.2,-10.64,1,0,0,1
884,1563.7,1562,-1.79,-0.77,0.93,1.34,-10.27,1,0,0,1
885,1563.99,1562.01,-1.79,-0.76,-1.32,1.14,-9.91,1,0,0,1
886,1563.9,1562.01,-1.79,-0.76,-3.28,2.47,-10,1,0,0,1
887,1563.99,1562.02,-1.78,-0.76,-2.33,2.2,-10.14,1,0,0,1
888,1564.18,1562.05,-1.76,-0.76,0.9,1.32,-10.5,1,0,0,1
889,1564.18,1562.08,-1.75,-0.75,0.58,0.91,-10.46,1,0,0,1
890,1563.99,1562.09,-1.74,-0.75,-0.28,1.26,-9.95,1,0,0,1
891,1563.7,1562.07,-1.76,-0.76,-3.2,2.15,-9.54,1,0,0,1
892,1564.28,1562.11,-1.73,-0.75,-1.28,1.58,-10.2,1,0,0,1
893,1564.09,1562.12,-1.73,-0.75,-0.81,1.44,-10.12,1,0,0,1
894,1563.13,1562.03,-1.78,-0.76,-2.16,0.38,-10.38,1,0,0,1
895,1563.8,1562.02,-1.79,-0.76,-2.62,2.92,-9.57,1,0,0,1
896,1563.99,1562.03,-1.78,-0.76,-1.48,0.6,-10.23,1,0,0,1
897,1563.8,1562.02,-1.79,-0.76,-0.7,2.09,-9.83,1,0,0,1
898,1563.8,1562.01,-1.79,-0.76,-1.38,1.09,-10.12,1,0,0,1
899,1563.32,1561.94,-1.83,-0.77,-1.19,1.36,-10.15,1,0,0,1
900,1563.61,1561.91,-1.84,-0.78,-1.58,1.46,-10.22,1,0,0,1
901,1564.38,1561.97,-1.81,-0.77,-0.43,1.19,-10.52,1,0,0,1
902,1563.42,1561.92,-1.84,-0.78,-1.3,1.13,-10.39,1,0,0,1
903,1563.7,1561.9,-1.85,-0.78,-0.53,1.51,-10.41,1,0,0,1
904,1563.7,1561.89,-1.85,-0.78,-1.69,1.6,-10.18,1,0,0,1
905,1564.09,1561.92,-1.83,-0.78,-1.92,0.82,-10.39,1,0,0,1
906,1563.61,1561.89,-1.85,-0.78,-1.52,0.93,-10.3,1,0,0,1
907,1563.7,1561.88,-1.85,-0.78,-1.44,1.79,-10.08,1,0,0,1
908,1563.7,1561.86,-1.86,-0.78,-0.91,1.08,-10.25,1,0,0,1
909,1563.8,1561.86,-1.85,-0.78,-1.04,1.91,-10.04,1,0,0,1
910,1563.32,1561.81,-1.88,-0.79,-0.09,1.07,-10.3,1,0,0,1
911,1563.99,1561.83,-1.87,-0.78,-0.62,1.36,-10.47,1,0,0,1
912,1563.42,1561.79,-1.89,-0.79,-2.14,2.11,-9.85,1,0,0,1
913,1563.42,1561.76,-1.9,-0.79,-1.34,1.55,-10.09,1,0,0,1
914,1563.99,1561.78,-1.88,-0.78,-1.34,1.25,-10.1,1,0,0,1
915,1563.42,1561.75,-1.9,-0.79,-1.65,2.12,-9.97,1,0,0,1
916,1563.03,1561.67,-1.94,-0.8,-2.11,1.84,-9.91,1,0,0,1
917,1563.99,1561.71,-1.91,-0.79,-0.67,1.51,-10.07,1,0,0,1
918,1563.42,1561.68,-1.92,-0.79,-2.28,1.47,-10.17,1,0,0,1
919,1563.51,1561.66,-1.92,-0.79,-0.5,1.76,-9.97,1,0,0,1
920,1563.22,1561.61,-1.95,-0.8,-0.83,0.7,-10.43,1,0,0,1
921,1563.9,1561.64,-1.92,-0.79,-1.02,2.27,-9.81,1,0,0,1
922,1563.7,1561.65,-1.91,-0.78,-1.71,1.59,-10.25,1,0,0,1
923,1563.8,1561.67,-1.9,-0.78,-1.21,0.94,-10.18,1,0,0,1
924,1563.8,1561.69,-1.88,-0.77,-0.93,1.76,-9.65,1,0,0,1
925,1563.99,1561.73,-1.85,-0.76,-0.73,1.59,-10.33,1,0,0,1
926,1564.18,1561.79,-1.81,-0.75,-1.13,2.31,-9.64,1,0,0,1
927,1564.18,1561.84,-1.77,-0.74,-1.96,1.4,-10.1,1,0,0,1
928,1563.8,1561.85,-1.77,-0.74,-1.45,1.87,-10.02,1,0,0,1
929,1563.7,1561.85,-1.77,-0.74,0.25,1.42,-10.02,1,0,0,1
930,1563.99,1561.88,-1.75,-0.74,-3.68,1.77,-10.12,1,0,0,1
931,1563.42,1561.85,-1.77,-0.74,-1.03,2.14,-9.86,1,0,0,1
932,1564.18,1561.9,-1.74,-0.73,-0.72,0.4,-10.56,1,0,0,1
933,1564.09,1561.94,-1.71,-0.73,-0.8,2.45,-9.67,1,0,0,1
934,1563.9,1561.95,-1.71,-0.73,-1.53,0.33,-10.61,1,0,0,1
935,1563.32,1561.9,-1.74,-0.74,-1.33,1.64,-10.1,1,0,0,1
936,1563.32,1561.86,-1.76,-0.75,-1.52,1.21,-10.23,1,0,0,1
937,1564.18,1561.91,-1.73,-0.74,-1.64,1.33,-10.44,1,0,0,1
938,1564.18,1561.95,-1.71,-0.73,-0.6,1.66,-10.28,1,0,0,1
939,1563.9,1561.97,-1.7,-0.73,-0.33,0.86,-10.37,1,0,0,1
940,1564.09,1562,-1.68,-0.73,-0.53,1.83,-9.87,1,0,0,1
941,1563.51,1561.97,-1.7,-0.73,-2.09,0.93,-10.2,1,0,0,1
942,1563.9,1561.98,-1.7,-0.73,-2.92,1.81,-9.85,1,0,0,1
943,1563.61,1561.96,-1.71,-0.74,-1.17,1.72,-10.02,1,0,0,1
944,1564.09,1562,-1.69,-0.73,-3.64,1.2,-9.74,1,0,0,1
945,1563.22,1561.93,-1.73,-0.74,-0.74,1.21,-10.15,1,0,0,1
946,1563.9,1561.95,-1.72,-0.74,-1.97,1.21,-10.35,1,0,0,1
947,1563.51,1561.92,-1.74,-0.75,-0.19,2.28,-9.9,1,0,0,1
948,1563.32,1561.87,-1.77,-0.76,-1.24,1.41,-10.24,1,0,0,1
949,1563.7,1561.86,-1.77,-0.76,-0.74,1.65,-10.24,1,0,0,1
950,1563.61,1561.85,-1.78,-0.76,-1.41,1.4,-10.3,1,0,0,1
951,1563.8,1561.86,-1.78,-0.76,-0.92,0.78,-10.24,1,0,0,1
952,1563.7,1561.85,-1.78,-0.76,-0.39,1.38,-10.98,1,0,0,1
953,1563.51,1561.82,-1.8,-0.76,-1.58,2.62,-10.02,1,0,0,1
954,1563.42,1561.79,-1.81,-0.77,-2.85,1.33,-10.07,1,0,0,1
955,1563.8,1561.8,-1.81,-0.77,-1.17,1.03,-10.35,1,0,0,1
956,1564.09,1561.85,-1.78,-0.76,-1.36,1.81,-10.18,1,0,0,1
957,1563.99,1561.88,-1.76,-0.75,-2.11,1.6,-9.87,1,0,0,1
958,1563.7,1561.87,-1.76,-0.75,-1.71,1.97,-9.97,1,0,0,1
959,1563.61,1561.86,-1.77,-0.76,-2.49,1.18,-9.74,1,0,0,1
960,1563.51,1561.83,-1.79,-0.76,-0.7,0.47,-10.61,1,0,0,1
961,1563.99,1561.87,-1.77,-0.76,-1.21,1.99,-9.9,1,0,0,1
962,1563.8,1561.88,-1.76,-0.75,-2.63,2.29,-9.65,1,0,0,1
963,1563.99,1561.9,-1.74,-0.75,-0.87,1.04,-10.38,1,0,0,1
964,1563.99,1561.93,-1.73,-0.74,-0.26,1.78,-9.87,1,0,0,1
965,1564.09,1561.97,-1.71,-0.74,-0.2,1.3,-10.29,1,0,0,1
966,1564.66,1562.06,-1.66,-0.73,-0.62,0.9,-10.51,1,0,0,1
967,1564.09,1562.09,-1.64,-0.72,-0.54,2.42,-9.91,1,0,0,1
968,1563.9,1562.1,-1.65,-0.73,-1.7,1.17,-10.19,1,0,0,1
969,1564.09,1562.12,-1.63,-0.72,-1.81,1.81,-9.83,1,0,0,1
970,1564.09,1562.14,-1.63,-0.72,-1.5,1.69,-10.19,1,0,0,1
971,1564.09,1562.17,-1.62,-0.72,-2.33,1.5,-9.65,1,0,0,1
972,1564.18,1562.2,-1.6,-0.72,-1.37,1.12,-10.08,1,0,0,1
973,1563.99,1562.2,-1.61,-0.72,-1.51,1.88,-10.3,1,0,0,1
974,1564.28,1562.24,-1.59,-0.72,-0.65,1.23,-10.35,1,0,0,1
975,1564.18,1562.27,-1.58,-0.72,-0.82,2.14,-9.91,1,0,0,1
976,1564.38,1562.31,-1.56,-0.71,-1.62,1.86,-9.89,1,0,0,1
977,1564.28,1562.34,-1.55,-0.71,-0.97,1.8,-9.9,1,0,0,1
978,1563.99,1562.34,-1.56,-0.71,-2.33,2.3,-10.05,1,0,0,1
979,1563.51,1562.28,-1.61,-0.73,-0.7,2.05,-10.18,1,0,0,1
980,1564.57,1562.34,-1.58,-0.72,-0.31,2.21,-10.19,1,0,0,1
981,1563.7,1562.3,-1.61,-0.73,-2.2,1.19,-10.19,1,0,0,1
982,1563.9,1562.28,-1.62,-0.73,-1.43,0.98,-10.15,1,0,0,1
983,1563.99,1562.28,-1.63,-0.74,-1.03,1.87,-10.03,1,0,0,1
984,1563.9,1562.26,-1.65,-0.74,-2.06,0.92,-10.08,1,0,0,1
985,1563.7,1562.22,-1.68,-0.75,-0.87,1.02,-10.36,1,0,0,1
986,1564.18,1562.24,-1.67,-0.75,-2.42,1.78,-9.9,1,0,0,1
987,1564.18,1562.26,-1.66,-0.75,-0.65,1.61,-10.13,1,0,0,1
988,1564.18,1562.28,-1.66,-0.75,0.81,0.15,-9.85,1,0,0,1
989,1564.18,1562.3,-1.65,-0.74,-3.6,3.99,-8.55,1,0,0,1
990,1563.99,1562.3,-1.65,-0.74,-2.02,3.98,-8.83,1,0,0,1
991,1563.9,1562.28,-1.67,-0.75,1.43,0.4,-10.85,1,0,0,1
992,1563.32,1562.19,-1.72,-0.76,-2.19,2.49,-9.73,1,0,0,1
993,1564.09,1562.2,-1.72,-0.76,-0.89,-0.68,-10.53,1,0,0,1
994,1563.7,1562.17,-1.74,-0.76,-3.14,1.37,-9.62,1,0,0,1
995,1563.9,1562.16,-1.74,-0.76,-3.39,3.28,-9.15,1,0,0,1
996,1563.9,1562.14,-1.76,-0.77,0.52,-2.39,-10.93,1,0,0,1
997,1563.9,1562.13,-1.76,-0.77,-2.12,1.59,-9.39,1,0,0,1
998,1563.9,1562.12,-1.77,-0.77,-2.32,0.86,-10.12,1,0,0,1
999,1563.51,1562.07,-1.8,-0.78,-1.45,2.24,-9.78,1,0,0,1
1000,1564.09,1562.08,-1.79,-0.77,-1.36,1.28,-10.1,1,0,0,1
1001,1563.9,1562.08,-1.8,-0.77,-1.55,1.4,-10.06,1,0,0,1
1002,1563.8,1562.06,-1.8,-0.78,-1.43,0.83,-9.81,1,0,0,1
1003,1564.76,1562.14,-1.76,-0.76,-0.84,0.58,-11.01,1,0,0,1
1004,1563.9,1562.13,-1.77,-0.77,-0.31,1.5,-10.09,1,0,0,1
1005,1564.18,1562.15,-1.75,-0.76,-0.18,1.32,-10.05,1,0,0,1
1006,1563.99,1562.15,-1.76,-0.76,-1.75,0.94,-10.17,1,0,0,1
1007,1563.99,1562.15,-1.76,-0.76,-1.46,1.99,-9.99,1,0,0,1
1008,1563.8,1562.13,-1.77,-0.77,-0.78,0.97,-9.97,1,0,0,1
1009,1563.99,1562.13,-1.77,-0.77,-1.62,0.83,-10.38,1,0,0,1
1010,1563.42,1562.06,-1.81,-0.78,-1.67,2.22,-9.67,1,0,0,1
1011,1564.18,1562.09,-1.79,-0.77,-1.81,1.44,-10.12,1,0,0,1
1012,1564.66,1562.16,-1.75,-0.76,-0.41,1.98,-10.1,1,0,0,1
1013,1563.8,1562.14,-1.77,-0.76,-0.42,0.7,-10.56,1,0,0,1
1014,1563.42,1562.07,-1.81,-0.77,-1.53,1.3,-9.99,1,0,0,1
1015,1564.09,1562.09,-1.79,-0.77,-1.09,0.96,-9.71,1,0,0,1
1016,1564.28,1562.12,-1.78,-0.76,-0.51,1.36,-10.15,1,0,0,1
1017,1563.51,1562.07,-1.8,-0.77,-0.6,2,-9.73,1,0,0,1
1018,1563.9,1562.06,-1.81,-0.77,-2.41,0.43,-10.14,1,0,0,1
1019,1563.61,1562.02,-1.83,-0.78,-0.69,0.99,-10.25,1,0,0,1
1020,1564.09,1562.04,-1.82,-0.77,-0.85,0.75,-9.94,1,0,0,1
1021,1563.7,1562.01,-1.83,-0.78,-1.1,1.3,-10.29,1,0,0,1
1022,1563.9,1562.01,-1.83,-0.78,-0.51,0.95,-10.25,1,0,0,1
1023,1564.18,1562.03,-1.82,-0.77,-0.48,2.09,-10.19,1,0,0,1
1024,1563.99,1562.04,-1.81,-0.77,-0.75,1.54,-9.69,1,0,0,1
1025,1563.8,1562.02,-1.82,-0.77,0.21,0.97,-10.58,1,0,0,1
1026,1564.09,1562.04,-1.81,-0.77,-0.38,1.5,-9.92,1,0,0,1
1027,1564.09,1562.06,-1.8,-0.76,-0.34,2.08,-10.12,1,0,0,1
1028,1563.8,1562.04,-1.81,-0.77,0.16,1.89,-10.34,1,0,0,1
1029,1564.09,1562.06,-1.79,-0.76,-2.95,0.68,-10.05,1,0,0,1
1030,1564.28,1562.1,-1.77,-0.76,-0.77,1.7,-10.1,1,0,0,1
1031,1564.38,1562.14,-1.75,-0.75,-0.83,0.41,-10.38,1,0,0,1
1032,1564.09,1562.15,-1.74,-0.75,-0.51,2.12,-9.45,1,0,0,1
1033,1563.99,1562.15,-1.74,-0.75,-1.97,1.75,-10.45,1,0,0,1
1034,1563.8,1562.13,-1.75,-0.75,0.11,1.55,-10.07,1,0,0,1
1035,1563.99,1562.13,-1.75,-0.75,0.38,2.01,-9.78,1,0,0,1
1036,1563.42,1562.07,-1.79,-0.76,-1.26,0.78,-10.05,1,0,0,1
1037,1563.8,1562.05,-1.8,-0.76,-0.6,1.31,-9.76,1,0,0,1
1038,1563.51,1562,-1.82,-0.77,0.2,2.45,-10.22,1,0,0,1
1039,1563.99,1562.02,-1.81,-0.77,-2.47,1.39,-9.67,1,0,0,1
1040,1563.9,1562.01,-1.82,-0.77,-0.91,0.63,-10.4,1,0,0,1
1041,1563.8,1562,-1.82,-0.77,0.17,1.67,-9.31,1,0,0,1
1042,1564.09,1562.02,-1.8,-0.76,-1.61,2.61,-9.9,1,0,0,1
1043,1563.9,1562.02,-1.8,-0.76,-0.79,1.37,-10.44,1,0,0,1
1044,1564.38,1562.07,-1.77,-0.75,-1.17,0.86,-10.28,1,0,0,1
1045,1563.8,1562.06,-1.78,-0.76,-0.68,2.32,-9.67,1,0,0,1
1046,1563.7,1562.03,-1.79,-0.76,-0.15,1.21,-10.36,1,0,0,1
1047,1563.99,1562.04,-1.79,-0.76,-0.51,2.24,-10.26,1,0,0,1
1048,1563.9,1562.04,-1.79,-0.76,-2.28,2.4,-9.61,1,0,0,1
1049,1564.09,1562.06,-1.78,-0.75,-1.87,0.36,-10.33,1,0,0,1
1050,1564.09,1562.07,-1.77,-0.75,0.36,-0.09,-10.56,1,0,0,1
1051,1563.9,1562.07,-1.77,-0.75,-1.97,0.85,-10.29,1,0,0,1
1052,1563.9,1562.06,-1.77,-0.75,-3.21,1.76,-9.85,1,0,0,1
1053,1564.28,1562.1,-1.75,-0.75,-0.84,1.23,-10.04,1,0,0,1
1054,1564.28,1562.14,-1.73,-0.74,-0.94,1.73,-10.25,1,0,0,1
1055,1563.51,1562.09,-1.76,-0.75,-0.51,1.04,-10.09,1,0,0,1
1056,1563.99,1562.09,-1.76,-0.75,-0.17,1.4,-10.66,1,0,0,1
1057,1563.8,1562.07,-1.77,-0.76,-1.4,1.51,-10.03,1,0,0,1
1058,1564.28,1562.11,-1.75,-0.75,-1.14,0.66,-11.18,1,0,0,1
1059,1563.7,1562.08,-1.77,-0.76,-0.5,1.11,-9.59,1,0,0,1
1060,1564.09,1562.1,-1.76,-0.75,-2.45,0.61,-10.15,1,0,0,1
1061,1564.18,1562.12,-1.74,-0.75,-1.24,1.45,-9.87,1,0,0,1
1062,1563.61,1562.08,-1.77,-0.76,-1.58,0.84,-10.3,1,0,0,1
1063,1563.9,1562.08,-1.77,-0.76,-3.06,1.86,-9.89,1,0,0,1
1064,1563.99,1562.08,-1.76,-0.75,-0.83,1.45,-9.73,1,0,0,1
1065,1564.09,1562.1,-1.75,-0.75,-1.11,1.92,-10.08,1,0,0,1
1066,1563.7,1562.07,-1.77,-0.75,-1.36,2.13,-9.53,1,0,0,1
1067,1563.9,1562.07,-1.77,-0.75,-1.3,2.11,-9.54,1,0,0,1
1068,1563.51,1562.02,-1.79,-0.76,-1.74,2.2,-10.13,1,0,0,1
1069,1563.9,1562.02,-1.79,-0.76,-1.51,1.97,-9.97,1,0,0,1
1070,1563.8,1562.01,-1.8,-0.76,-1.88,1.99,-9.89,1,0,0,1
1071,1564.09,1562.03,-1.78,-0.76,-1.6,1.34,-9.8,1,0,0,1
1072,1563.42,1561.98,-1.81,-0.76,-0.99,1.8,-9.73,1,0,0,1
1073,1563.61,1561.95,-1.83,-0.77,-1.86,1.19,-10.78,1,0,0,1
1074,1564.09,1561.97,-1.81,-0.76,-2.93,2.28,-9.81,1,0,0,1
1075,1563.8,1561.96,-1.81,-0.76,0.11,1.19,-10.23,1,0,0,1
1076,1564.09,1561.99,-1.8,-0.76,-1.87,2.61,-9.65,1,0,0,1
1077,1563.8,1561.98,-1.8,-0.76,-1.2,1.27,-10.2,1,0,0,1
1078,1563.61,1561.95,-1.82,-0.76,-1.27,1.16,-10.05,1,0,0,1
1079,1563.7,1561.93,-1.82,-0.77,-1.03,1.96,-10.36,1,0,0,1
1080,1564.09,1561.96,-1.81,-0.76,1.37,3.01,-9.98,1,0,0,1
1081,1563.51,1561.92,-1.83,-0.77,-2.94,1.43,-10.09,1,0,0,1
1082,1564.28,1561.97,-1.79,-0.76,-2.08,2.05,-9.87,1,0,0,1
1083,1564.09,1562,-1.78,-0.75,0.39,0.49,-10.63,1,0,0,1
1084,1564.09,1562.02,-1.76,-0.75,-2.65,1.51,-9.66,1,0,0,1
1085,1563.9,1562.03,-1.76,-0.75,-2.61,1.97,-9.54,1,0,0,1
1086,1564.09,1562.05,-1.75,-0.75,-2.88,0.29,-10.95,1,0,0,1
1087,1563.7,1562.03,-1.76,-0.75,0.42,1.8,-9.76,1,0,0,1
1088,1564.18,1562.06,-1.74,-0.74,0.15,1.91,-10.04,1,0,0,1
1089,1564.18,1562.09,-1.73,-0.74,-1.43,-0.27,-11.07,1,0,0,1
1090,1564.09,1562.11,-1.72,-0.74,-2.16,0.83,-10.05,1,0,0,1
1091,1564.28,1562.15,-1.7,-0.73,0.49,2.28,-9.99,1,0,0,1
1092,1564.28,1562.18,-1.68,-0.73,0.39,1.93,-10.26,1,0,0,1
1093,1564.09,1562.2,-1.67,-0.73,-3.27,0.36,-9.79,1,0,0,1
1094,1564.09,1562.21,-1.67,-0.73,-2.55,2.63,-9.96,1,0,0,1
1095,1564.28,1562.24,-1.65,-0.72,-1.72,2.12,-9.16,1,0,0,1
1096,1563.99,1562.24,-1.65,-0.73,-2.78,0.94,-10.51,1,0,0,1
1097,1564.38,1562.28,-1.63,-0.72,-2.53,2.3,-10.08,1,0,0,1
1098,1563.8,1562.25,-1.65,-0.73,1.17,1.46,-10.17,1,0,0,1
1099,1563.9,1562.24,-1.67,-0.73,-0.68,1.62,-10.27,1,0,0,1
1100,1563.8,1562.21,-1.68,-0.74,-1.94,1.99,-9.79,1,0,0,1
1101,1563.99,1562.21,-1.69,-0.74,-0.57,0.86,-9.83,1,0,0,1
1102,1563.61,1562.17,-1.72,-0.75,-0.23,1.8,-10.42,1,0,0,1
1103,1564.18,1562.19,-1.7,-0.74,0.96,2.61,-9.76,1,0,0,1
1104,1563.7,1562.15,-1.73,-0.75,-2.03,-0.82,-10.81,1,0,0,1
1105,1563.8,1562.14,-1.74,-0.75,-2.41,2.23,-9.22,1,0,0,1
1106,1564.18,1562.16,-1.72,-0.75,-1.75,2.17,-9.74,1,0,0,1
1107,1564.18,1562.18,-1.72,-0.75,-0.82,1.69,-10.71,1,0,0,1
1108,1564.28,1562.21,-1.7,-0.74,-0.16,1.27,-10.3,1,0,0,1
1109,1564.38,1562.24,-1.69,-0.74,0,0.28,-10.89,1,0,0,1
1110,1564.47,1562.29,-1.67,-0.74,0.79,1.82,-10.56,1,0,0,1
1111,1563.99,1562.28,-1.67,-0.74,-2.78,1.91,-9.6,1,0,0,1
1112,1564.18,1562.3,-1.66,-0.74,-1.9,3.11,-9.41,1,0,0,1
1113,1563.99,1562.29,-1.68,-0.74,-0.91,0.39,-10.49,1,0,0,1
1114,1564.47,1562.33,-1.66,-0.74,-0.29,1.51,-10.23,1,0,0,1
1115,1563.32,1562.24,-1.71,-0.75,-1.03,0.73,-10.28,1,0,0,1
1116,1563.42,1562.17,-1.76,-0.76,-0.96,1.61,-10.07,1,0,0,1
1117,1563.99,1562.17,-1.76,-0.76,-1.95,2.03,-9.95,1,0,0,1
1118,1563.8,1562.14,-1.77,-0.77,-1.27,1.71,-9.92,1,0,0,1
1119,1563.32,1562.06,-1.82,-0.78,-0.72,0.7,-10.12,1,0,0,1
1120,1564.38,1562.11,-1.79,-0.77,-2.25,1.45,-9.68,1,0,0,1
1121,1563.7,1562.08,-1.81,-0.77,-0.59,2.3,-9.77,1,0,0,1
1122,1563.7,1562.04,-1.83,-0.78,0.79,-1.28,-11.3,1,0,0,1
1123,1563.9,1562.04,-1.83,-0.78,-1.45,2.66,-9.75,1,0,0,1
1124,1563.61,1562,-1.85,-0.79,-0.71,0.81,-10.2,1,0,0,1
1125,1563.99,1562,-1.85,-0.79,1.69,-1.34,-10.71,1,0,0,1
1126,1563.42,1561.95,-1.87,-0.79,-5.84,3.82,-8.53,1,0,0,1
1127,1564.18,1561.99,-1.85,-0.78,-0.92,3.12,-9.75,1,0,0,1
1128,1563.8,1561.97,-1.85,-0.78,-2.69,0.23,-10.4,1,0,0,1
1129,1564.18,1562,-1.83,-0.77,1.43,2.13,-9.73,1,0,0,1
1130,1563.7,1561.98,-1.84,-0.78,-2.77,-0.22,-10.35,1,0,0,1
1131,1563.8,1561.96,-1.85,-0.78,0.97,1.69,-10.89,1,0,0,1
1132,1563.7,1561.94,-1.86,-0.78,-2.41,3.64,-9.27,1,0,0,1
1133,1563.9,1561.95,-1.85,-0.78,-1.05,1.85,-9.47,1,0,0,1
1134,1563.8,1561.94,-1.86,-0.78,0.51,-0.1,-10.83,1,0,0,1
1135,1564.28,1561.98,-1.83,-0.77,-0.62,-0.58,-10.96,1,0,0,1
1136,1564.38,1562.03,-1.8,-0.76,-1.24,3.04,-10.47,1,0,0,1
1137,1564.18,1562.06,-1.78,-0.76,-3.3,1.58,-9.18,1,0,0,1
1138,1563.99,1562.07,-1.77,-0.75,-0.76,-0.12,-9.71,1,0,0,1
1139,1564.47,1562.13,-1.74,-0.75,-0.37,0.54,-10.58,1,0,0,1
1140,1564.38,1562.18,-1.71,-0.74,-0.25,2.59,-9.72,1,0,0,1
1141,1564.18,1562.2,-1.7,-0.74,-1.55,0.74,-10.12,1,0,0,1
1142,1564.28,1562.23,-1.68,-0.73,-0.81,2.61,-9.68,1,0,0,1
1143,1564.09,1562.23,-1.68,-0.73,0.5,1.12,-10.61,1,0,0,1
1144,1563.7,1562.2,-1.71,-0.74,-0.88,2.29,-9.9,1,0,0,1
1145,1563.32,1562.12,-1.75,-0.75,-0.37,2.42,-10.21,1,0,0,1
1146,1563.8,1562.1,-1.77,-0.76,-1.63,1.79,-10.14,1,0,0,1
1147,1563.7,1562.07,-1.78,-0.76,-0.19,1.86,-10.12,1,0,0,1
1148,1563.99,1562.07,-1.78,-0.76,-0.55,1.46,-10.22,1,0,0,1
1149,1564.09,1562.09,-1.77,-0.76,-1.53,2,-9.87,1,0,0,1
1150,1563.8,1562.07,-1.78,-0.76,-0.77,1.89,-10.23,1,0,0,1
1151,1564.09,1562.09,-1.77,-0.76,-1.23,2.69,-9.91,1,0,0,1
1152,1563.61,1562.05,-1.79,-0.76,-1.45,2.39,-9.79,1,0,0,1
1153,1563.7,1562.03,-1.8,-0.76,-1.98,2.83,-9.64,1,0,0,1
1154,1562.94,1561.92,-1.87,-0.78,-1.08,1.55,-10.36,1,0,0,1
1155,1563.03,1561.82,-1.92,-0.8,-0.45,1.27,-10.51,1,0,0,1
1156,1564.09,1561.86,-1.89,-0.78,-3.43,2.61,-8.86,1,0,0,1
1157,1563.9,1561.87,-1.87,-0.78,-0.47,3.59,-9.46,1,0,0,1
1158,1563.22,1561.8,-1.91,-0.79,0.22,1.22,-10.01,1,0,0,1
1159,1563.42,1561.75,-1.94,-0.8,0.88,0.43,-11.75,1,0,0,1
1160,1563.51,1561.73,-1.94,-0.79,-2.7,3.12,-9.13,1,0,0,1
1161,1563.9,1561.75,-1.92,-0.79,-0.11,2.23,-9.43,1,0,0,1
1162,1563.8,1561.76,-1.91,-0.78,-0.23,2.86,-10.02,1,0,0,1
1163,1563.32,1561.72,-1.93,-0.79,-0.84,1.81,-9.84,1,0,0,1
1164,1563.32,1561.67,-1.94,-0.79,0.3,1.8,-10.04,1,0,0,1
1165,1563.9,1561.69,-1.93,-0.78,-0.84,1.23,-10.51,1,0,0,1
1166,1563.7,1561.7,-1.92,-0.78,-1.71,2.6,-9.79,1,0,0,1
1167,1563.7,1561.7,-1.91,-0.78,0.38,1.8,-9.97,1,0,0,1
1168,1563.61,1561.69,-1.91,-0.78,0.46,0.59,-10.85,1,0,0,1
1169,1563.9,1561.72,-1.89,-0.77,-0.75,3.5,-9.93,1,0,0,1
1170,1564.18,1561.77,-1.85,-0.76,2.98,1.57,-10.64,1,0,0,1
1171,1563.99,1561.8,-1.83,-0.76,-0.89,2.63,-10.16,1,0,0,1
1172,1563.99,1561.83,-1.81,-0.75,-2.08,2.43,-10.06,1,0,0,1
1173,1563.9,1561.85,-1.79,-0.75,-0.34,2.83,-9.96,1,0,0,1
1174,1563.42,1561.82,-1.81,-0.75,-0.42,1.98,-10,1,0,0,1
1175,1563.42,1561.78,-1.83,-0.76,-0.62,1.07,-10.53,1,0,0,1
1176,1563.7,1561.79,-1.81,-0.75,-4.55,4.04,-8.09,1,0,0,1
1177,1563.9,1561.81,-1.8,-0.74,1,2.51,-9.91,1,0,0,1
1178,1563.99,1561.84,-1.79,-0.75,0.62,-0.35,-11.97,1,0,0,1
1179,1563.61,1561.83,-1.78,-0.74,1.89,4.76,-8.7,1,0,0,1
1180,1563.8,1561.84,-1.78,-0.74,0.53,0.01,-11.26,1,0,0,1
1181,1563.8,1561.85,-1.77,-0.74,0.02,1.83,-9.97,1,0,0,1
1182,1563.61,1561.84,-1.77,-0.74,-4.92,4.39,-8.82,1,0,0,1
1183,1564.09,1561.88,-1.75,-0.73,-2.05,0.93,-10.45,1,0,0,1
1184,1563.7,1561.88,-1.75,-0.74,-1.95,0.81,-10.08,1,0,0,1
1185,1564.09,1561.92,-1.72,-0.73,-0.44,2.9,-9.65,1,0,0,1
1186,1564.57,1562.02,-1.66,-0.71,-2.01,3.17,-8.45,1,0,0,1
1187,1563.61,1562,-1.67,-0.71,-0.39,0.59,-10.32,1,0,0,1
1188,1563.7,1561.99,-1.68,-0.72,-3.25,1.29,-10.41,1,0,0,1
1189,1563.7,1561.98,-1.68,-0.72,-3.95,2.57,-9.43,1,0,0,1
1190,1563.9,1561.99,-1.68,-0.72,2.82,1.41,-10.75,1,0,0,1
1191,1564.09,1562.03,-1.66,-0.71,0.76,4.19,-9.38,1,0,0,1
1192,1563.99,1562.05,-1.65,-0.71,-1.83,2.05,-9.74,1,0,0,1
1193,1564.28,1562.1,-1.62,-0.71,-0.4,1.24,-10.45,1,0,0,1
1194,1564.09,1562.13,-1.61,-0.71,-2.13,1.64,-10.17,1,0,0,1
1195,1564.09,1562.15,-1.6,-0.7,-0.79,2.29,-9.79,1,0,0,1
1196,1564.18,1562.19,-1.59,-0.7,1.24,1.07,-10.18,1,0,0,1
1197,1563.7,1562.17,-1.6,-0.7,-2.64,2.25,-9.13,1,0,0,1
1198,1564.09,1562.19,-1.59,-0.7,-0.63,2.35,-9.68,1,0,0,1
1199,1564.18,1562.22,-1.58,-0.7,-0.73,3.43,-10,1,0,0,1
1200,1564.76,1562.32,-1.52,-0.68,-3.96,5.88,-8.77,1,0,0,1
1201,1564.09,1562.33,-1.52,-0.69,-0.22,-1.25,-10.53,1,0,0,1
1202,1564.18,1562.35,-1.52,-0.69,-1.87,4.79,-10.59,1,0,0,1
1203,1564.18,1562.36,-1.52,-0.69,1.3,-0.71,-10.58,1,0,0,1
1204,1563.99,1562.36,-1.53,-0.7,-2.14,4.25,-9.49,1,0,0,1
1205,1564.09,1562.38,-1.53,-0.69,-1.46,5.34,-8.6,1,0,0,1
1206,1564.18,1562.39,-1.53,-0.7,-0.38,0.79,-11.04,1,0,0,1
1207,1564.28,1562.41,-1.52,-0.7,-1.71,2.45,-9.56,1,0,0,1
1208,1563.8,1562.38,-1.55,-0.71,3.48,2.51,-10.75,1,0,0,1
1209,1564.47,1562.42,-1.53,-0.7,-3.58,0.77,-9.79,1,0,0,1
1210,1564.09,1562.42,-1.54,-0.71,0.47,1.22,-10.51,1,0,0,1
1211,1563.9,1562.39,-1.57,-0.72,-0.67,-0.48,-10.78,1,0,0,1
1212,1564.28,1562.43,-1.55,-0.71,-4.39,7.14,-7.81,1,0,0,1
1213,1563.7,1562.39,-1.57,-0.71,-2.02,7.36,-7.5,1,0,0,1
1214,1564.38,1562.42,-1.57,-0.71,-0.54,-1.56,-10.93,1,0,0,1
1215,1564.28,1562.44,-1.56,-0.71,-2.59,3.32,-9.29,1,0,0,1
1216,1564.18,1562.45,-1.56,-0.71,-2.61,2.05,-9.12,1,0,0,1
1217,1564.47,1562.48,-1.55,-0.71,1.13,3.91,-10.88,1,0,0,1
1218,1563.99,1562.46,-1.57,-0.72,-1.13,3.3,-10.55,1,0,0,1
1219,1563.61,1562.4,-1.62,-0.73,-0.83,1.09,-10.08,1,0,0,1
1220,1563.9,1562.37,-1.64,-0.74,-2.27,1.56,-9.86,1,0,0,1
1221,1563.9,1562.35,-1.65,-0.74,-1.69,3.12,-9.31,1,0,0,1
1222,1563.99,1562.33,-1.67,-0.75,-0.4,1.62,-10.4,1,0,0,1
1223,1563.9,1562.31,-1.69,-0.75,-1.4,1.49,-10.04,1,0,0,1
1224,1564.18,1562.32,-1.69,-0.75,-1.25,1.8,-10.09,1,0,0,1
1225,1563.7,1562.27,-1.71,-0.76,-1.73,2.65,-9.62,1,0,0,1
1226,1564.28,1562.29,-1.71,-0.76,-0.55,-0.37,-11.14,1,0,0,1
1227,1564.28,1562.31,-1.7,-0.75,-1.28,1.23,-9.65,1,0,0,1
1228,1563.8,1562.28,-1.72,-0.76,-0.97,3.2,-9.11,1,0,0,1
1229,1564.38,1562.3,-1.71,-0.76,0.24,0.75,-11.89,1,0,0,1
1230,1564.28,1562.32,-1.71,-0.76,-0.35,2.9,-9.93,1,0,0,1
1231,1564.38,1562.35,-1.69,-0.75,-1.63,2.62,-9.77,1,0,0,1
1232,1563.7,1562.3,-1.72,-0.76,-0.68,2.85,-9.84,1,0,0,1
1233,1564.38,1562.32,-1.72,-0.76,-1.93,1.87,-11.48,1,0,0,1
1234,1563.8,1562.27,-1.75,-0.78,0.91,0.61,-11.46,1,0,0,1
1235,1563.9,1562.25,-1.77,-0.78,-1.12,1.54,-9.34,1,0,0,1
1236,1564.38,1562.28,-1.75,-0.77,-2.47,3.41,-9.09,1,0,0,1
1237,1563.99,1562.27,-1.75,-0.77,-3.24,2.63,-8.97,1,0,0,1
1238,1563.9,1562.26,-1.75,-0.76,-1.88,1.35,-8.18,1,0,0,1
1239,1563.9,1562.23,-1.77,-0.77,-0.4,1.26,-9.78,1,0,0,1
1240,1564.38,1562.27,-1.75,-0.76,-0.1,2.94,-9.86,1,0,0,1
1241,1563.99,1562.25,-1.76,-0.76,-1.07,1.03,-10.08,1,0,0,1
1242,1563.7,1562.2,-1.79,-0.77,-0.13,2.02,-10.81,1,0,0,1
1243,1564.28,1562.22,-1.78,-0.77,2.65,0.77,-10.74,1,0,0,1
1244,1563.61,1562.17,-1.81,-0.78,-4.36,-0.45,-9.75,1,0,0,1
1245,1563.42,1562.09,-1.85,-0.79,-0.96,2.33,-10.05,1,0,0,1
1246,1563.8,1562.07,-1.87,-0.79,-1,1.49,-10.4,1,0,0,1
1247,1564.47,1562.12,-1.83,-0.78,-2.58,0.56,-9.74,1,0,0,1
1248,1563.99,1562.12,-1.83,-0.78,-1.19,1.86,-10.1,1,0,0,1
1249,1563.9,1562.1,-1.84,-0.78,-2.35,1.93,-9.75,1,0,0,1
1250,1564.47,1562.15,-1.81,-0.77,-1.01,1.56,-10.1,1,0,0,1
1251,1563.9,1562.14,-1.82,-0.77,-1.36,1.73,-9.96,1,0,0,1
1252,1563.9,1562.12,-1.82,-0.77,-1.98,1.84,-9.9,1,0,0,1
1253,1564.09,1562.13,-1.82,-0.77,-1.53,1.45,-10.04,1,0,0,1
1254,1563.13,1562.03,-1.87,-0.79,-1.38,1.37,-10.09,1,0,0,1
1255,1563.9,1562.02,-1.88,-0.79,-1.55,1.72,-10.03,1,0,0,1
1256,1563.7,1561.99,-1.89,-0.79,-1.57,1.64,-10.06,1,0,0,1
1257,1563.99,1561.99,-1.88,-0.79,-1.17,1.44,-10.08,1,0,0,1
1258,1564.47,1562.05,-1.84,-0.77,-1.11,1.35,-10.15,1,0,0,1
1259,1563.7,1562.02,-1.86,-0.78,-1.61,1.73,-9.94,1,0,0,1
1260,1563.61,1561.98,-1.88,-0.78,-1.41,1.36,-10.1,1,0,0,1
1261,1564.09,1562,-1.86,-0.78,-0.99,1.7,-10.08,1,0,0,1
1262,1564.18,1562.03,-1.84,-0.77,-1.56,1.56,-10.03,1,0,0,1
1263,1563.8,1562.01,-1.85,-0.77,-1.15,1.37,-10.11,1,0,0,1
1264,1564.09,1562.03,-1.84,-0.77,-1.39,1.62,-10.05,1,0,0,1
1265,1564.09,1562.04,-1.82,-0.76,-1.25,1.58,-9.98,1,0,0,1
1266,1564.09,1562.06,-1.81,-0.76,-1.45,1.6,-10.08,1,0,0,1
1267,1563.8,1562.04,-1.82,-0.76,-1.12,1.39,-10.12,1,0,0,1
1268,1564.09,1562.06,-1.81,-0.76,-1.3,1.58,-10.05,1,0,0,1
1269,1564.95,1562.17,-1.74,-0.74,-1.29,1.5,-10.12,1,0,0,1
1270,1564.47,1562.22,-1.71,-0.73,-1.33,1.78,-10.01,1,0,0,1
1271,1564.09,1562.22,-1.71,-0.73,-1.53,1.47,-10.05,1,0,0,1
1272,1564.57,1562.28,-1.68,-0.73,-0.8,1.51,-10.15,1,0,0,1
1273,1564.76,1562.36,-1.64,-0.72,-1.14,0.96,-10.19,1,0,0,1
1274,1564.66,1562.42,-1.6,-0.71,-1.59,1.94,-9.95,1,0,0,1
1275,1564.18,1562.42,-1.61,-0.71,-1.34,1.37,-10.14,1,0,0,1
1276,1564.66,1562.48,-1.58,-0.7,-1.26,1.14,-10.18,1,0,0,1
1277,1564.47,1562.51,-1.57,-0.7,-1.55,1.67,-9.98,1,0,0,1
1278,1564.09,1562.5,-1.58,-0.71,-1.06,1.38,-10.12,1,0,0,1
1279,1564.38,1562.51,-1.58,-0.71,-1.24,1.36,-10.15,1,0,0,1
1280,1563.99,1562.49,-1.6,-0.72,-1.4,1.79,-9.96,1,0,0,1
1281,1564.18,1562.48,-1.61,-0.72,-1.4,1.5,-10.05,1,0,0,1
1282,1564.09,1562.47,-1.62,-0.72,-1.15,1.43,-10.18,1,0,0,1
1283,1564.18,1562.46,-1.63,-0.73,-0.86,1.13,-10.47,1,0,0,1
1284,1564.38,1562.48,-1.63,-0.73,-0.47,1.74,-10.36,1,0,0,1
1285,1564.09,1562.46,-1.64,-0.73,-2.09,2.28,-9.8,1,0,0,1
1286,1563.99,1562.44,-1.66,-0.74,-0.86,1.8,-10.17,1,0,0,1
1287,1564.57,1562.48,-1.64,-0.73,-1.26,1.16,-10.11,1,0,0,1
1288,1564.47,1562.5,-1.63,-0.73,-1.35,1.84,-9.98,1,0,0,1
1289,1564.28,1562.5,-1.64,-0.73,-1.15,1.23,-10.23,1,0,0,1
1290,1564.28,1562.51,-1.64,-0.74,-1.29,1.33,-10.13,1,0,0,1
1291,1563.9,1562.46,-1.67,-0.75,-1.28,1.36,-10.08,1,0,0,1
1292,1563.9,1562.42,-1.7,-0.75,-0.85,1.87,-10.21,1,0,0,1
1293,1564.09,1562.41,-1.71,-0.76,-1.46,1.26,-9.92,1,0,0,1
1294,1564.66,1562.46,-1.69,-0.75,-1.18,1.44,-10.05,1,0,0,1
1295,1564.09,1562.44,-1.7,-0.75,-1.25,2.31,-10.05,1,0,0,1
1296,1564.09,1562.42,-1.72,-0.76,-1.44,1.2,-10.2,1,0,0,1
1297,1564.66,1562.47,-1.69,-0.75,-1.95,1.59,-9.93,1,0,0,1
1298,1564.47,1562.49,-1.68,-0.75,-0.89,1.39,-10.2,1,0,0,1
1299,1564.38,1562.5,-1.68,-0.75,-1.38,1.39,-10.08,1,0,0,1
1300,1564.18,1562.49,-1.69,-0.75,-1.51,1.82,-9.93,1,0,0,1
1301,1564.09,1562.46,-1.71,-0.76,-1.34,1.12,-10.17,1,0,0,1
1302,1564.18,1562.45,-1.72,-0.76,-0.8,0.92,-10.26,1,0,0,1
1303,1563.8,1562.4,-1.75,-0.77,-1.39,1.13,-9.96,1,0,0,1
1304,1564.28,1562.4,-1.75,-0.77,-1.26,1.67,-10,1,0,0,1
1305,1564.47,1562.43,-1.74,-0.76,-1.79,1.23,-10.09,1,0,0,1
1306,1563.99,1562.4,-1.76,-0.77,-1.2,1.75,-10.08,1,0,0,1
1307,1564.38,1562.41,-1.75,-0.77,-1.3,0.62,-10.21,1,0,0,1
1308,1563.42,1562.31,-1.81,-0.78,-1.13,0.78,-10.3,1,0,0,1
1309,1564.09,1562.3,-1.82,-0.78,-1.51,1.26,-10.16,1,0,0,1
1310,1563.9,1562.26,-1.84,-0.79,-1.62,1.51,-9.96,1,0,0,1
1311,1563.99,1562.24,-1.85,-0.79,-1.22,1.11,-10.26,1,0,0,1
1312,1564.38,1562.26,-1.83,-0.79,-1.73,1.46,-10.07,1,0,0,1
1313,1563.99,1562.24,-1.85,-0.79,-1.52,1.21,-10.11,1,0,0,1
1314,1564.18,1562.24,-1.84,-0.79,-1.21,0.98,-10.07,1,0,0,1
1315,1563.9,1562.21,-1.86,-0.79,-1.7,1.65,-9.95,1,0,0,1
1316,1564.09,1562.21,-1.86,-0.79,-1.21,1.13,-10.16,1,0,0,1
1317,1563.9,1562.18,-1.88,-0.79,-2.17,1.65,-10.36,1,0,0,1
1318,1563.99,1562.16,-1.88,-0.79,-0.11,1.52,-9.68,1,0,0,1
1319,1563.7,1562.12,-1.9,-0.79,-3.34,1.44,-9.6,1,0,0,1
1320,1563.51,1562.05,-1.94,-0.81,0.91,-0.71,-10.82,1,0,0,1
1321,1564.09,1562.06,-1.93,-0.8,-2.59,1.99,-9.75,1,0,0,1
1322,1564.66,1562.12,-1.88,-0.79,-0.75,0.76,-10.41,1,0,0,1
1323,1564.18,1562.13,-1.88,-0.79,-0.61,0.26,-10.55,1,0,0,1
1324,1564.66,1562.2,-1.83,-0.77,-2.78,2.15,-9.47,1,0,0,1
1325,1564.28,1562.22,-1.82,-0.77,-1.19,0.28,-10.47,1,0,0,1
1326,1564.18,1562.22,-1.82,-0.77,-1.52,1.17,-10.07,1,0,0,1
1327,1564.28,1562.24,-1.8,-0.76,-1.56,1.44,-10,1,0,0,1
1328,1564.66,1562.3,-1.77,-0.76,-0.49,-0.54,-10.87,1,0,0,1
1329,1564.09,1562.29,-1.78,-0.76,-1.9,1.8,-9.84,1,0,0,1
1330,1564.18,1562.29,-1.77,-0.76,-1.22,0.75,-10.29,1,0,0,1
1331,1564.09,1562.28,-1.78,-0.76,-1.49,1.48,-9.99,1,0,0,1
1332,1564.18,1562.28,-1.78,-0.76,-2.19,2.73,-10.59,1,0,0,1
1333,1564.38,1562.31,-1.77,-0.76,-1.74,0.05,-10.45,1,0,0,1
1334,1564.18,1562.31,-1.76,-0.76,-1.36,1.54,-9.89,1,0,0,1
1335,1564.28,1562.32,-1.76,-0.75,-1.12,0.74,-10.28,1,0,0,1
1336,1564.47,1562.35,-1.74,-0.75,-2.11,1.17,-10.03,1,0,0,1
1337,1563.8,1562.31,-1.77,-0.76,-1.16,1.1,-10.23,1,0,0,1
1338,1564.09,1562.3,-1.77,-0.76,-1.52,1.1,-10.14,1,0,0,1
1339,1564.57,1562.34,-1.75,-0.75,-1.39,1.37,-10.13,1,0,0,1
1340,1564.09,1562.33,-1.75,-0.75,-1.82,0.95,-10.12,1,0,0,1
1341,1564.76,1562.4,-1.72,-0.74,-1.56,1.06,-10.21,1,0,0,1
1342,1564.47,1562.42,-1.7,-0.74,-1.75,2.04,-9.82,1,0,0,1
1343,1563.8,1562.37,-1.73,-0.75,-1.88,1.19,-10.24,1,0,0,1
1344,1564.86,1562.45,-1.69,-0.74,-0.31,0.66,-10.35,1,0,0,1
1345,1564.38,1562.46,-1.68,-0.74,-3.01,1.93,-9.38,1,0,0,1
1346,1564.18,1562.45,-1.69,-0.74,-0.74,0.77,-10.47,1,0,0,1
1347,1564.57,1562.49,-1.68,-0.74,-1.38,0.59,-10.37,1,0,0,1
1348,1564.76,1562.54,-1.65,-0.73,-1.47,2.39,-9.72,1,0,0,1
1349,1564.28,1562.54,-1.66,-0.73,-1.32,0.14,-10.32,1,0,0,1
1350,1563.9,1562.49,-1.69,-0.74,-1.9,0.53,-9.86,1,0,0,1
1351,1563.8,1562.43,-1.72,-0.75,-0.99,-0.1,-10.52,1,0,0,1
1352,1563.9,1562.39,-1.75,-0.76,-2.98,2.58,-9.67,1,0,0,1
1353,1564.09,1562.37,-1.76,-0.76,-0.64,-0.29,-10.48,1,0,0,1
1354,1563.99,1562.35,-1.77,-0.76,-2.09,1.86,-9.66,1,0,0,1
1355,1563.99,1562.32,-1.79,-0.77,-1.7,0.56,-10.05,1,0,0,1
1356,1564.18,1562.32,-1.79,-0.77,-1.16,1.14,-10.13,1,0,0,1
1357,1563.9,1562.29,-1.81,-0.77,-1.85,0.92,-10.05,1,0,0,1
1358,1564.18,1562.29,-1.81,-0.77,-1.27,1.23,-10.05,1,0,0,1
1359,1564.57,1562.33,-1.78,-0.76,-1.28,0.92,-10.13,1,0,0,1
1360,1564.28,1562.34,-1.78,-0.76,-1.22,0.28,-10.5,1,0,0,1
1361,1564.09,1562.32,-1.79,-0.77,-1.42,3.39,-11.02,1,0,0,1
1362,1563.99,1562.28,-1.82,-0.78,-0.01,-2.83,-12.8,1,0,0,1
1363,1564.18,1562.3,-1.8,-0.77,-2.94,3.05,-6.28,1,0,0,1
1364,1564.18,1562.31,-1.78,-0.76,-3.14,2.35,-7.5,1,0,0,1
1365,1564.66,1562.37,-1.75,-0.75,-2.54,0.4,-9.28,1,0,0,1
1366,1564.95,1562.45,-1.7,-0.73,-1.03,0.57,-10.41,1,0,0,1
1367,1563.99,1562.4,-1.74,-0.75,-0.54,-2.55,-13.13,1,0,0,1
1368,1564.18,1562.4,-1.74,-0.75,-1.08,0.11,-10.31,1,0,0,1
1369,1564.47,1562.42,-1.73,-0.75,-0.92,1.65,-10.01,1,0,0,1
1370,1564.38,1562.44,-1.72,-0.75,-2.76,1.42,-10.01,1,0,0,1
1371,1564.18,1562.43,-1.73,-0.75,-0.61,2.25,-10.02,1,0,0,1
1372,1563.9,1562.39,-1.75,-0.76,0.06,1.69,-9.96,1,0,0,1
1373,1563.9,1562.34,-1.78,-0.76,-1.46,-0.59,-10.58,1,0,0,1
1374,1563.8,1562.3,-1.8,-0.77,-1.81,3.4,-9.41,1,0,0,1
1375,1563.99,1562.27,-1.82,-0.78,-1.52,-1.27,-10.99,1,0,0,1
1376,1563.8,1562.24,-1.83,-0.77,-0.2,5.98,-8.38,1,0,0,1
1377,1563.9,1562.21,-1.85,-0.78,-0.27,-0.34,-10.65,1,0,0,1
1378,1563.8,1562.17,-1.87,-0.79,-0.17,0.76,-10.27,1,0,0,1
1379,1564.18,1562.17,-1.87,-0.78,-1.38,0.52,-10.27,1,0,0,1
1380,1564.18,1562.18,-1.86,-0.78,-0.87,1.81,-10.11,1,0,0,1
1381,1563.99,1562.17,-1.86,-0.78,-1.1,1.66,-9.96,1,0,0,1
1382,1563.99,1562.15,-1.87,-0.78,-2.14,0.81,-10.28,1,0,0,1
1383,1563.9,1562.13,-1.88,-0.78,-1.19,1.03,-10.07,1,0,0,1
1384,1563.7,1562.09,-1.9,-0.79,-1.81,1.32,-10.14,1,0,0,1
1385,1564.09,1562.09,-1.89,-0.79,-1.06,0.72,-10.15,1,0,0,1
1386,1563.99,1562.08,-1.89,-0.79,-1.53,0.61,-10.35,1,0,0,1
1387,1564.18,1562.1,-1.88,-0.78,-1.86,2.13,-9.79,1,0,0,1
1388,1563.61,1562.05,-1.9,-0.79,-1.12,0.3,-10.41,1,0,0,1
1389,1564.09,1562.06,-1.89,-0.78,-2.29,1.4,-10.03,1,0,0,1
1390,1563.9,1562.04,-1.9,-0.78,-1.12,0.3,-10.37,1,0,0,1
1391,1563.9,1562.03,-1.9,-0.78,-1.27,2.73,-9.75,1,0,0,1
1392,1563.61,1561.98,-1.92,-0.79,-0.95,1.2,-10.29,1,0,0,1
1393,1563.42,1561.92,-1.95,-0.8,-1.14,1.72,-10,1,0,0,1
1394,1563.9,1561.92,-1.94,-0.79,-0.89,1.86,-10.05,1,0,0,1
1395,1563.9,1561.92,-1.94,-0.79,-1.65,1.65,-10.02,1,0,0,1
1396,1563.61,1561.88,-1.95,-0.79,-1.41,2.11,-10.11,1,0,0,1
1397,1563.61,1561.84,-1.97,-0.8,0.33,1.05,-11.1,1,0,0,1
1398,1564.09,1561.87,-1.95,-0.79,-1.55,0.53,-10.46,1,0,0,1
1399,1563.9,1561.87,-1.94,-0.79,-0.59,1.64,-10,1,0,0,1
1400,1563.9,1561.87,-1.93,-0.79,-0.88,1,-10.37,1,0,0,1
1401,1564.09,1561.89,-1.91,-0.78,-0.21,1,-10.36,1,0,0,1
1402,1564.28,1561.94,-1.88,-0.77,-1,1.54,-10.08,1,0,0,1
1403,1564.47,1562,-1.84,-0.76,-0.86,1.35,-10.17,1,0,0,1
1404,1564.09,1562.02,-1.83,-0.76,-0.87,1.41,-10.19,1,0,0,1
1405,1564.09,1562.04,-1.81,-0.75,-0.94,1,-10.22,1,0,0,1
1406,1563.61,1562,-1.83,-0.76,-0.79,1.33,-10.15,1,0,0,1
1407,1563.42,1561.94,-1.86,-0.77,-0.65,1.01,-10.28,1,0,0,1
1408,1563.99,1561.95,-1.85,-0.76,-0.88,1.18,-10.19,1,0,0,1
1409,1563.9,1561.96,-1.85,-0.76,-0.92,1.48,-10.06,1,0,0,1
1410,1564.18,1561.99,-1.82,-0.76,-0.89,1.13,-10.28,1,0,0,1
1411,1563.9,1561.99,-1.82,-0.76,-1.02,1.6,-10.03,1,0,0,1
1412,1563.32,1561.92,-1.86,-0.77,-0.71,0.82,-10.38,1,0,0,1
1413,1563.9,1561.93,-1.85,-0.76,-1.02,1.4,-10.17,1,0,0,1
1414,1563.8,1561.92,-1.85,-0.76,-0.98,1.63,-10.1,1,0,0,1
1415,1563.99,1561.94,-1.84,-0.76,-1.04,1.34,-10.18,1,0,0,1
1416,1563.99,1561.95,-1.82,-0.76,-0.78,1.25,-10.2,1,0,0,1
1417,1564.18,1561.99,-1.8,-0.75,-1.13,1.37,-10.14,1,0,0,1
1418,1563.99,1562,-1.79,-0.75,-1,1.64,-10.17,1,0,0,1
1419,1564.18,1562.03,-1.77,-0.74,-0.94,1.58,-10.13,1,0,0,1
1420,1564.38,1562.09,-1.74,-0.73,-0.74,1.81,-10.05,1,0,0,1
1421,1563.9,1562.08,-1.74,-0.74,-0.84,1.62,-10.12,1,0,0,1
1422,1563.51,1562.04,-1.76,-0.74,-0.96,1.55,-10.13,1,0,0,1
1423,1563.9,1562.04,-1.76,-0.74,-0.8,1.14,-10.27,1,0,0,1
1424,1563.51,1561.99,-1.79,-0.75,-1.11,1.57,-10.1,1,0,0,1
1425,1563.7,1561.97,-1.8,-0.75,-1.09,1.94,-10.01,1,0,0,1
1426,1563.61,1561.94,-1.81,-0.76,-1.01,0.22,-10.47,1,0,0,1
1427,1563.51,1561.93,-1.8,-0.74,-5.71,11.21,-4.55,1,0,0,1
1428,1568.79,1562.15,-1.89,-0.92,-15.46,50.79,-78.45,1,0,0,1
1429,1577.15,1563.63,-1.04,-0.67,-28.51,19.23,-6.78,1,0,0,1
1430,1581,1565.53,0.08,-0.34,-35.2,-27.89,7.93,1,0,0,1
1431,1570.62,1566.13,0.41,-0.22,11.86,7.53,5.72,1,0,0,1
1432,1572.83,1566.99,0.9,-0.05,-0.33,4.46,13.66,1,0,0,1
1433,1576.09,1568.15,1.54,0.15,5.48,-0.62,10.98,1,0,0,1
1434,1574.56,1569.03,1.99,0.28,12.3,2.74,5.26,1,0,0,1
1435,1571.87,1569.51,2.17,0.31,7.88,-1.15,-3.65,1,0,0,1
1436,1571.77,1569.95,2.32,0.34,0.37,-3.74,-1.44,1,0,0,1
1437,1571.29,1570.32,2.43,0.36,-3.06,-4.16,1.89,1,0,0,1
1438,1571.19,1570.65,2.53,0.38,-4.19,-3.5,3.38,1,0,0,1
1439,1571.19,1570.95,2.6,0.4,-2.99,-1.66,3.04,1,0,0,1
1440,1571,1571.2,2.64,0.4,-0.53,-0.64,2.38,1,0,0,1
1441,1571.19,1571.45,2.67,0.4,0.92,-1.19,1.89,1,0,0,1
1442,1570.71,1571.61,2.65,0.39,2.02,-2.86,1.16,1,0,0,1
1443,1569.47,1571.6,2.53,0.35,-1.57,-4.75,-0.07,1,0,0,1
1444,1568.7,1571.5,2.36,0.28,-4.41,-4.97,-0.88,1,0,0,1
1445,1568.7,1571.39,2.18,0.23,-5,-4.35,-0.85,1,0,0,1
1446,1568.12,1571.21,1.97,0.16,-5.1,-4.36,-0.73,1,0,0,1
1447,1568.5,1571.08,1.79,0.11,-3.32,-5.33,-1.11,1,0,0,1
1448,1568.02,1570.89,1.59,0.05,1.11,-5.64,-1.26,1,0,0,1
1449,1568.22,1570.73,1.41,-0.01,4.22,-4.82,-0.4,1,0,0,1
1450,1566.97,1570.43,1.15,-0.07,5.61,-3.38,0.25,1,0,0,1
1451,1566.87,1570.14,0.91,-0.14,6.78,-1.51,0.6,1,0,1,1
1452,1566.58,1569.82,0.67,-0.19,7.35,-0.58,1.06,1,0,1,1
