Index,Altitude,kalmanAltitude,kalmanVelocity,kalmanAcceleration,ax,ay,az,islaunch,isApogee1,isApogee2,isApogee3
0,1566.58,1563.29,1.34,0.26,0.09,-10.06,0.38,0,0,0,0
1,1566.78,1564.98,2.24,0.33,0.22,-10.06,0.32,0,0,0,0
2,1567.06,1565.87,3.05,0.36,0.09,-10.06,0.25,0,0,0,0
3,1566.78,1566.37,3.41,0.38,0.15,-10.06,0.37,0,0,0,0
4,1566.68,1566.7,3.42,0.36,0.09,-10.07,0.29,0,0,0,0
5,1567.26,1567.11,3.58,0.36,0.17,-10.07,0.31,0,0,0,0
6,1566.68,1567.22,3.16,0.33,0.07,-10.05,0.38,0,0,0,0
7,1566.68,1567.28,2.74,0.3,0.17,-10.07,0.32,0,0,0,0
8,1566.3,1567.18,2.17,0.25,0.12,-10.07,0.31,0,0,0,0
9,1567.16,1567.33,2.11,0.25,0.14,-10.06,0.39,0,0,0,0
10,1567.26,1567.46,2.03,0.25,0.14,-10.06,0.31,0,0,0,0
11,1567.16,1567.53,1.88,0.23,0.13,-10.06,0.33,0,0,0,0
12,1566.68,1567.46,1.59,0.2,0.11,-10.06,0.37,0,0,0,0
13,1566.87,1567.44,1.41,0.17,0.12,-10.07,0.31,0,0,0,0
14,1566.78,1567.4,1.23,0.15,0.14,-10.06,0.34,0,0,0,0
15,1567.16,1567.44,1.17,0.15,0.11,-10.05,0.36,0,0,0,0
16,1567.06,1567.46,1.08,0.13,0.15,-10.07,0.31,0,0,0,0
17,1566.87,1567.42,0.96,0.11,0.11,-10.07,0.34,0,0,0,0
18,1567.26,1567.47,0.93,0.11,0.16,-10.07,0.33,0,0,0,0
19,1567.26,1567.51,0.89,0.1,0.11,-10.07,0.31,0,0,0,0
20,1567.54,1567.59,0.9,0.11,0.13,-10.06,0.36,0,0,0,0
21,1566.58,1567.48,0.74,0.06,0.11,-10.06,0.31,0,0,0,0
22,1566.78,1567.42,0.63,0.03,0.15,-10.07,0.33,0,0,0,0
23,1566.97,1567.39,0.56,0.01,0.12,-10.05,0.35,0,0,0,0
24,1566.78,1567.34,0.47,-0.02,0.15,-10.07,0.32,0,0,0,0
25,1567.35,1567.38,0.47,-0.01,0.12,-10.06,0.31,0,0,0,0
26,1566.97,1567.36,0.42,-0.02,0.12,-10.06,0.35,0,0,0,0
27,1566.87,1567.31,0.35,-0.04,0.11,-10.07,0.31,0,0,0,0
28,1566.97,1567.29,0.3,-0.06,0.13,-10.06,0.32,0,0,0,0
29,1566.87,1567.25,0.24,-0.07,0.11,-10.06,0.36,0,0,0,0
30,1567.26,1567.28,0.25,-0.06,0.13,-10.05,0.31,0,0,0,0
31,1567.06,1567.27,0.22,-0.07,0.13,-10.06,0.34,0,0,0,0
32,1566.97,1567.24,0.18,-0.08,0.12,-10.06,0.35,0,0,0,0
33,1566.87,1567.2,0.13,-0.09,0.15,-10.06,0.31,0,0,0,0
34,1567.06,1567.2,0.11,-0.09,0.12,-10.07,0.36,0,0,0,0
35,1567.06,1567.19,0.09,-0.09,0.13,-10.07,0.34,0,0,0,0
36,1566.87,1567.15,0.05,-0.1,0.12,-10.06,0.31,0,0,0,0
37,1567.35,1567.19,0.07,-0.09,0.14,-10.06,0.36,0,0,0,0
38,1567.64,1567.28,0.13,-0.06,0.12,-10.07,0.33,0,0,0,0
39,1566.58,1567.18,0.04,-0.09,0.14,-10.06,0.32,0,0,0,0
40,1567.35,1567.22,0.06,-0.08,0.12,-10.07,0.37,0,0,0,0
41,1566.49,1567.12,-0.03,-0.11,0.12,-10.06,0.33,0,0,0,0
42,1566.97,1567.09,-0.05,-0.11,0.12,-10.06,0.32,0,0,0,0
43,1566.58,1567.02,-0.11,-0.12,0.13,-10.06,0.35,0,0,0,0
44,1566.39,1566.92,-0.19,-0.15,0.12,-10.07,0.31,0,0,0,0
45,1567.06,1566.93,-0.18,-0.14,0.13,-10.07,0.32,0,0,0,0
46,1566.58,1566.86,-0.22,-0.14,0.14,-10.06,0.35,0,0,0,0
47,1567.16,1566.89,-0.19,-0.13,0.13,-10.07,0.33,0,0,0,0
48,1567.26,1566.93,-0.16,-0.11,0.13,-10.06,0.34,0,0,0,0
49,1567.45,1567,-0.1,-0.09,0.12,-10.07,0.36,0,0,0,0
50,1566.58,1566.93,-0.15,-0.1,0.14,-10.06,0.31,0,0,0,0
51,1567.06,1566.94,-0.14,-0.09,0.14,-10.06,0.33,0,0,0,0
52,1566.78,1566.91,-0.16,-0.09,0.12,-10.06,0.35,0,0,0,0
53,1567.26,1566.95,-0.13,-0.08,0.15,-10.07,0.33,0,0,0,0
54,1566.49,1566.88,-0.18,-0.09,0.12,-10.07,0.35,0,0,0,0
55,1566.87,1566.86,-0.18,-0.09,0.13,-10.06,0.35,0,0,0,0
56,1566.49,1566.8,-0.22,-0.1,0.15,-10.07,0.32,0,0,0,0
57,1567.06,1566.82,-0.2,-0.09,0.12,-10.07,0.34,0,0,0,0
58,1566.68,1566.79,-0.21,-0.09,0.13,-10.06,0.34,0,0,0,0
59,1566.49,1566.73,-0.24,-0.09,0.12,-10.07,0.32,0,0,0,0
60,1566.87,1566.73,-0.23,-0.09,0.13,-10.07,0.35,0,0,0,0
61,1566.68,1566.7,-0.24,-0.09,0.11,-10.05,0.32,0,0,0,0
62,1566.78,1566.7,-0.24,-0.08,0.13,-10.07,0.32,0,0,0,0
63,1566.87,1566.7,-0.22,-0.07,0.13,-10.07,0.38,0,0,0,0
64,1566.78,1566.69,-0.22,-0.07,0.12,-10.05,0.34,0,0,0,0
65,1567.16,1566.73,-0.18,-0.06,0.13,-10.06,0.32,0,0,0,0
66,1567.26,1566.79,-0.14,-0.04,0.12,-10.06,0.35,0,0,0,0
67,1567.16,1566.82,-0.12,-0.03,0.14,-10.06,0.33,0,0,0,0
68,1566.97,1566.83,-0.11,-0.03,0.13,-10.06,0.32,0,0,0,0
69,1567.26,1566.88,-0.07,-0.02,0.14,-10.07,0.34,0,0,0,0
70,1566.68,1566.85,-0.09,-0.02,0.13,-10.07,0.33,0,0,0,0
71,1567.16,1566.88,-0.06,-0.01,0.13,-10.07,0.33,0,0,0,0
72,1567.16,1566.91,-0.04,-0.01,0.12,-10.05,0.35,0,0,0,0
73,1567.35,1566.96,-0.01,0,0.13,-10.06,0.31,0,0,0,0
74,1566.97,1566.97,0,0,0.13,-10.06,0.34,0,0,0,0
75,1566.68,1566.93,-0.02,0,0.12,-10.06,0.35,0,0,0,0
76,1567.16,1566.96,0,0.01,0.13,-10.06,0.32,0,0,0,0
77,1566.97,1566.96,0,0.01,0.13,-10.06,0.34,0,0,0,0
78,1566.87,1566.95,0,0.01,0.14,-10.06,0.35,0,0,0,0
79,1567.26,1566.99,0.02,0.01,0.13,-10.06,0.32,0,0,0,0
80,1567.16,1567.01,0.04,0.02,0.13,-10.07,0.34,0,0,0,0
81,1566.97,1567.01,0.04,0.02,0.14,-10.05,0.32,0,0,0,0
82,1566.87,1567,0.03,0.02,0.13,-10.06,0.32,0,0,0,0
83,1566.78,1566.98,0.02,0.01,0.13,-10.05,0.34,0,0,0,0
84,1566.68,1566.95,0,0.01,0.14,-10.06,0.33,0,0,0,0
85,1566.97,1566.95,0.01,0.01,0.12,-10.07,0.33,0,0,0,0
86,1566.49,1566.9,-0.02,0.01,0.12,-10.06,0.35,0,0,0,0
87,1566.97,1566.91,-0.01,0.01,0.12,-10.07,0.33,0,0,0,0
88,1566.78,1566.89,-0.02,0.01,0.13,-10.07,0.33,0,0,0,0
89,1566.78,1566.88,-0.03,0.01,0.12,-10.05,0.32,0,0,0,0
90,1566.49,1566.84,-0.05,0,0.14,-10.06,0.34,0,0,0,0
91,1567.06,1566.86,-0.03,0.01,0.13,-10.07,0.34,0,0,0,0
92,1566.97,1566.87,-0.02,0.01,0.12,-10.07,0.34,0,0,0,0
93,1566.87,1566.87,-0.02,0.01,0.13,-10.06,0.34,0,0,0,0
94,1566.87,1566.87,-0.02,0.01,0.13,-10.06,0.32,0,0,0,0
95,1566.49,1566.83,-0.04,0.01,0.13,-10.07,0.36,0,0,0,0
96,1567.06,1566.85,-0.02,0.01,0.11,-10.06,0.33,0,0,0,0
97,1566.68,1566.83,-0.03,0.01,0.14,-10.07,0.34,0,0,0,0
98,1566.68,1566.82,-0.03,0.01,0.13,-10.07,0.34,0,0,0,0
99,1567.06,1566.84,-0.01,0.01,0.13,-10.07,0.35,0,0,0,0
100,1567.06,1566.87,0,0.02,0.12,-10.07,0.32,0,0,0,0
101,1567.06,1566.89,0.02,0.02,0.13,-10.07,0.34,0,0,0,0
102,1567.06,1566.92,0.04,0.03,0.1,-10.07,0.34,0,0,0,0
103,1567.06,1566.94,0.05,0.03,0.13,-10.07,0.34,0,0,0,0
104,1566.78,1566.92,0.04,0.03,0.13,-10.05,0.32,0,0,0,0
105,1566.97,1566.94,0.05,0.03,0.13,-10.06,0.34,0,0,0,0
106,1566.78,1566.92,0.05,0.03,0.11,-10.06,0.34,0,0,0,0
107,1567.06,1566.95,0.06,0.03,0.13,-10.07,0.33,0,0,0,0
108,1566.97,1566.96,0.07,0.04,0.14,-10.06,0.34,0,0,0,0
109,1567.06,1566.98,0.08,0.04,0.11,-10.07,0.36,0,0,0,0
110,1566.78,1566.96,0.07,0.04,0.15,-10.08,0.31,0,0,0,0
111,1566.3,1566.89,0.03,0.03,0.11,-10.07,0.35,0,0,0,0
112,1566.39,1566.84,0,0.02,0.13,-10.07,0.34,0,0,0,0
113,1567.06,1566.87,0.02,0.02,0.1,-10.07,0.32,0,0,0,0
114,1566.87,1566.87,0.03,0.02,0.13,-10.06,0.34,0,0,0,0
115,1566.58,1566.84,0.01,0.02,0.12,-10.07,0.32,0,0,0,0
116,1566.87,1566.85,0.02,0.02,0.14,-10.07,0.34,0,0,0,0
117,1567.06,1566.88,0.03,0.03,0.11,-10.06,0.36,0,0,0,0
118,1567.16,1566.91,0.06,0.03,0.14,-10.07,0.3,0,0,0,0
119,1567.16,1566.95,0.08,0.04,0.11,-10.06,0.31,0,0,0,0
120,1566.87,1566.95,0.08,0.04,0.12,-10.07,0.38,0,0,0,0
121,1566.68,1566.93,0.06,0.03,0.14,-10.06,0.29,0,0,0,0
122,1566.97,1566.94,0.07,0.04,0.12,-10.06,0.36,0,0,0,0
123,1567.06,1566.96,0.09,0.04,0.12,-10.06,0.36,0,0,0,0
124,1566.78,1566.95,0.08,0.04,0.12,-10.06,0.28,0,0,0,0
125,1567.16,1566.98,0.1,0.04,0.13,-10.06,0.36,0,0,0,0
126,1567.06,1567,0.11,0.04,0.11,-10.07,0.36,0,0,0,0
127,1566.78,1566.99,0.1,0.04,0.15,-10.07,0.29,0,0,0,0
128,1566.97,1567,0.1,0.04,0.11,-10.06,0.37,0,0,0,0
129,1566.78,1566.98,0.09,0.04,0.14,-10.07,0.34,0,0,0,0
130,1566.97,1566.99,0.1,0.04,0.13,-10.07,0.28,0,0,0,0
131,1566.97,1567,0.1,0.04,0.12,-10.05,0.36,0,0,0,0
132,1566.78,1566.98,0.09,0.04,0.13,-10.07,0.33,0,0,0,0
133,1567.06,1567,0.1,0.04,0.14,-10.06,0.31,0,0,0,0
134,1566.39,1566.95,0.07,0.03,0.1,-10.06,0.39,0,0,0,0
135,1566.78,1566.93,0.06,0.03,0.13,-10.06,0.32,0,0,0,0
136,1567.06,1566.96,0.07,0.03,0.13,-10.06,0.31,0,0,0,0
137,1567.06,1566.98,0.08,0.03,0.13,-10.05,0.38,0,0,0,0
138,1566.97,1566.98,0.09,0.03,0.14,-10.06,0.3,0,0,0,0
139,1566.97,1566.99,0.09,0.03,0.14,-10.06,0.34,0,0,0,0
140,1567.16,1567.02,0.11,0.04,0.1,-10.05,0.37,0,0,0,0
141,1566.87,1567.02,0.1,0.04,0.15,-10.07,0.3,0,0,0,0
142,1566.78,1567,0.09,0.03,0.12,-10.07,0.33,0,0,0,0
143,1567.26,1567.04,0.11,0.04,0.13,-10.06,0.36,0,0,0,0
144,1567.26,1567.07,0.13,0.04,0.12,-10.07,0.32,0,0,0,0
145,1567.35,1567.12,0.16,0.05,0.15,-10.06,0.34,0,0,0,0
146,1566.78,1567.1,0.14,0.04,0.11,-10.06,0.34,0,0,0,0
147,1566.68,1567.06,0.12,0.04,0.15,-10.07,0.31,0,0,0,0
148,1567.26,1567.1,0.13,0.04,0.11,-10.06,0.33,0,0,0,0
149,1567.16,1567.12,0.14,0.04,0.13,-10.06,0.34,0,0,0,0
150,1566.97,1567.12,0.14,0.04,0.12,-10.07,0.3,0,0,0,0
151,1566.97,1567.11,0.13,0.04,0.13,-10.05,0.36,0,0,0,0
152,1567.16,1567.13,0.14,0.04,0.14,-10.06,0.35,0,0,0,0
153,1566.78,1567.11,0.12,0.04,0.11,-10.07,0.3,0,0,0,0
154,1566.87,1567.09,0.11,0.03,0.15,-10.06,0.36,0,0,0,0
155,1567.26,1567.12,0.13,0.04,0.12,-10.06,0.33,0,0,0,0
156,1567.16,1567.14,0.14,0.04,0.15,-10.06,0.34,0,0,0,0
157,1566.87,1567.13,0.12,0.04,0.09,-10.06,0.36,0,0,0,0
158,1566.78,1567.1,0.11,0.03,0.15,-10.06,0.34,0,0,0,0
159,1566.87,1567.08,0.1,0.03,0.12,-10.07,0.31,0,0,0,0
160,1566.97,1567.08,0.09,0.03,0.13,-10.06,0.34,0,0,0,0
161,1567.06,1567.09,0.09,0.03,0.12,-10.06,0.32,0,0,0,0
162,1567.16,1567.11,0.1,0.03,0.15,-10.06,0.31,0,0,0,0
163,1567.35,1567.15,0.12,0.03,0.11,-10.06,0.37,0,0,0,0
164,1567.16,1567.16,0.13,0.04,0.13,-10.07,0.32,0,0,0,0
165,1567.16,1567.17,0.13,0.04,0.11,-10.05,0.34,0,0,0,0
166,1567.06,1567.18,0.13,0.04,0.13,-10.05,0.36,0,0,0,0
167,1566.49,1567.11,0.09,0.02,0.13,-10.06,0.32,0,0,0,0
168,1566.97,1567.11,0.09,0.02,0.12,-10.06,0.33,0,0,0,0
169,1567.35,1567.14,0.11,0.03,0.13,-10.07,0.37,0,0,0,0
170,1566.78,1567.11,0.09,0.02,0.13,-10.06,0.29,0,0,0,0
171,1566.68,1567.07,0.06,0.02,0.14,-10.06,0.33,0,0,0,0
172,1567.06,1567.08,0.06,0.02,0.11,-10.06,0.37,0,0,0,0
173,1567.06,1567.08,0.07,0.02,0.14,-10.07,0.3,0,0,0,0
174,1566.58,1567.04,0.04,0.01,0.1,-10.06,0.36,0,0,0,0
175,1567.35,1567.08,0.06,0.02,0.14,-10.06,0.34,0,0,0,0
176,1566.87,1567.06,0.05,0.02,0.12,-10.06,0.32,0,0,0,0
177,1567.06,1567.07,0.05,0.02,0.14,-10.07,0.36,0,0,0,0
178,1567.06,1567.07,0.06,0.02,0.11,-10.07,0.31,0,0,0,0
179,1566.97,1567.07,0.05,0.02,0.15,-10.07,0.3,0,0,0,0
180,1566.87,1567.05,0.04,0.01,0.11,-10.07,0.36,0,0,0,0
181,1566.97,1567.05,0.04,0.01,0.13,-10.07,0.33,0,0,0,0
182,1566.49,1566.99,0.01,0.01,0.14,-10.06,0.32,0,0,0,0
183,1566.87,1566.98,0,0,0.11,-10.07,0.39,0,0,0,0
184,1566.49,1566.93,-0.03,0,0.11,-10.07,0.32,0,0,0,0
185,1566.49,1566.88,-0.05,-0.01,0.13,-10.06,0.3,0,0,0,0
186,1566.49,1566.83,-0.08,-0.01,0.12,-10.01,0.37,0,0,0,0
187,1566.78,1566.82,-0.08,-0.01,0.14,-10.04,0.32,0,0,0,0
188,1566.3,1566.76,-0.11,-0.02,0.12,-10.06,0.32,0,0,0,0
189,1566.87,1566.76,-0.1,-0.02,0.12,-10.06,0.36,0,0,0,0
190,1567.06,1566.79,-0.08,-0.01,0.12,-10.06,0.31,0,0,0,0
191,1566.87,1566.79,-0.07,-0.01,0.13,-10.06,0.33,0,0,0,0
192,1567.26,1566.84,-0.04,0,0.12,-10.07,0.34,0,0,0,0
193,1566.87,1566.84,-0.04,0,0.14,-10.07,0.3,0,0,0,0
194,1567.45,1566.91,0,0.02,0.11,-10.07,0.35,0,0,0,0
195,1566.68,1566.88,-0.01,0.01,0.14,-10.06,0.37,0,0,0,0
196,1566.87,1566.88,-0.01,0.01,0.14,-10.07,0.3,0,0,0,0
197,1566.68,1566.86,-0.02,0.01,0.13,-10.07,0.32,0,0,0,0
198,1566.78,1566.85,-0.02,0.01,0.12,-10.06,0.33,0,0,0,0
199,1566.68,1566.83,-0.03,0.01,0.16,-10.06,0.29,0,0,0,0
200,1567.06,1566.86,-0.01,0.01,0.09,-10.06,0.3,0,0,0,0
201,1566.87,1566.86,0,0.02,-0.39,-10.24,0.57,0,0,0,0
202,1567.06,1566.89,0.02,0.02,0.31,-9.98,0.47,0,0,0,0
203,1567.54,1566.96,0.06,0.03,-0.11,-10.1,0.16,0,0,0,0
204,1567.45,1567.03,0.1,0.04,0.21,-9.99,0.6,0,0,0,0
205,1567.16,1567.06,0.12,0.05,0.7,-12.7,1.04,0,0,0,0
206,1566.78,1567.05,0.12,0.05,1.08,-17.43,2.23,0,0,0,0
207,1566.68,1567.03,0.12,0.06,0.35,-19.46,3.71,0,0,0,0
208,1567.06,1567.08,0.16,0.08,-1.76,-22.45,5.6,0,0,0,0
209,1567.64,1567.19,0.25,0.12,-3.42,-17.18,7.04,0,0,0,0
210,1569.08,1567.44,0.4,0.17,-1.61,-30.39,4.07,0,0,0,0
211,1570.71,1567.86,0.65,0.24,-0.92,-29.45,3.31,0,0,0,0
212,1572.25,1568.42,0.96,0.32,-1.46,-27.04,1.7,0,0,0,0
213,1574.65,1569.21,1.39,0.43,-3.66,-22.21,0.85,0,0,0,0
214,1574.17,1569.92,1.77,0.53,-3.66,-20.86,5.55,0,0,0,0
215,1572.25,1570.37,2,0.59,-0.73,-12.29,5.64,0,0,0,0
216,1575.81,1571.17,2.4,0.68,1.58,-9.4,1.98,0,0,0,0
217,1575.52,1571.87,2.73,0.75,-0.77,-9.36,-0.34,0,0,0,0
218,1575.23,1572.5,3,0.81,-3.43,-8.85,1.03,0,0,0,0
219,1573.5,1572.9,3.14,0.83,-3.26,-3.69,2.56,0,0,0,0
220,1572.73,1573.17,3.2,0.82,-2.27,-0.65,2.18,0,0,0,0
221,1573.4,1573.49,3.28,0.82,-2.35,-1.65,1.92,0,0,0,0
222,1573.31,1573.78,3.34,0.82,-2.1,-3.82,2.15,0,0,0,0
223,1572.54,1573.95,3.32,0.8,-2.4,-2.97,1.69,0,0,0,0
224,1571.87,1574.02,3.25,0.76,-2.62,-0.21,1.53,0,0,0,0
225,1572.15,1574.11,3.19,0.72,-3.72,0.94,1.3,0,0,0,0
226,1572.83,1574.27,3.18,0.71,-3.79,-1.29,4.12,0,0,0,0
227,1569.47,1574.03,2.94,0.63,-0.93,-3.14,4.05,0,0,0,0
228,1570.33,1573.88,2.74,0.56,-0.34,-2.01,0.27,0,0,0,0
229,1572.25,1573.94,2.67,0.52,-4.62,-1.62,-0.57,0,0,0,0
230,1571.58,1573.94,2.58,0.49,-5.37,-2.71,5.77,0,0,0,0
231,1566.87,1573.41,2.18,0.38,-0.48,-2.74,5.22,0,0,0,0
232,1566.68,1572.77,1.68,0.2,23.09,23.6,-15.44,0,0,0,0
233,1566.49,1572.28,1.35,0.14,-6.1,10.8,12.53,0,0,0,0
234,1567.26,1571.85,1.06,0.06,-14.47,-4.5,3.86,0,0,0,0
235,1566.39,1571.38,0.76,0,-5.73,-18.67,9.04,0,0,0,0
236,1566.1,1570.8,0.34,-0.14,-17.29,-22.45,-11.53,0,0,0,0
237,1565.91,1570.28,0.02,-0.22,-12.5,-12.42,1.67,0,0,0,0
238,1565.82,1569.81,-0.26,-0.28,-8.09,1.28,4.77,0,0,0,0
239,1565.91,1569.35,-0.53,-0.34,-9.45,-0.25,1.4,0,0,0,0
240,1566.2,1568.95,-0.75,-0.39,-9.19,0.03,0.76,0,0,0,0
241,1566.1,1568.57,-0.96,-0.43,-9.18,0.05,0.8,0,0,0,0
242,1566.2,1568.22,-1.15,-0.47,-9.2,0.05,0.83,0,0,0,0
243,1565.91,1567.86,-1.33,-0.5,-9.18,0.05,0.83,0,0,0,0
244,1565.62,1567.49,-1.5,-0.53,-9.19,0.06,0.82,0,0,0,0
245,1565.82,1567.17,-1.65,-0.56,-9.19,0.07,0.82,0,0,0,0
246,1566.2,1566.92,-1.75,-0.56,-9.18,0.06,0.82,0,0,0,0
247,1566.01,1566.66,-1.84,-0.57,-9.19,0.06,0.82,0,0,0,0
248,1566.01,1566.43,-1.92,-0.57,-9.18,0.06,0.81,0,0,0,0
249,1565.34,1566.14,-2.03,-0.59,-9.19,0.06,0.81,0,0,0,0
250,1565.91,1565.93,-2.08,-0.58,-9.19,0.06,0.79,0,0,0,0
251,1565.91,1565.75,-2.12,-0.57,-9.19,0.07,0.81,0,0,0,0
252,1566.01,1565.59,-2.13,-0.56,-9.19,0.06,0.8,0,0,0,0
253,1565.72,1565.42,-2.16,-0.55,-9.18,0.06,0.81,0,0,0,0
254,1566.01,1565.29,-2.15,-0.53,-9.19,0.07,0.8,0,0,0,0
255,1565.91,1565.17,-2.14,-0.51,-9.19,0.07,0.81,0,0,0,0
256,1566.2,1565.1,-2.11,-0.48,-9.18,0.06,0.8,0,0,0,0
257,1565.72,1564.99,-2.09,-0.46,-9.18,0.07,0.8,0,0,0,0
258,1566.01,1564.92,-2.05,-0.43,-9.18,0.06,0.8,0,0,0,0
259,1565.91,1564.85,-2.01,-0.41,-9.19,0.06,0.79,0,0,0,0
260,1565.82,1564.78,-1.97,-0.38,-9.18,0.06,0.8,0,0,0,0
261,1565.72,1564.72,-1.93,-0.36,-9.19,0.06,0.79,0,0,0,0
262,1566.01,1564.69,-1.86,-0.33,-9.2,0.07,0.79,0,0,0,0
263,1565.53,1564.62,-1.82,-0.31,-9.19,0.07,0.79,0,0,0,0
264,1566.1,1564.63,-1.73,-0.27,-9.18,0.06,0.79,0,0,0,0
265,1566.01,1564.63,-1.65,-0.24,-9.19,0.06,0.79,0,0,0,0
266,1566.3,1564.68,-1.55,-0.21,-9.19,0.07,0.8,0,0,0,0
267,1566.1,1564.7,-1.47,-0.17,-9.19,0.08,0.8,0,0,0,0
268,1566.3,1564.75,-1.37,-0.14,-9.2,0.06,0.8,0,0,0,0
269,1566.3,1564.81,-1.27,-0.11,-9.19,0.06,0.78,0,0,0,0
270,1566.1,1564.85,-1.18,-0.08,-9.19,0.06,0.79,0,0,0,0
271,1565.72,1564.84,-1.12,-0.06,-9.19,0.07,0.79,0,0,0,0
272,1565.72,1564.85,-1.05,-0.04,-9.19,0.08,0.78,0,0,0,0
273,1566.39,1564.93,-0.95,-0.01,-9.18,0.08,0.79,0,0,0,0
274,1566.1,1564.98,-0.86,0.02,-9.19,0.07,0.78,0,0,0,0
275,1565.62,1564.98,-0.81,0.04,-9.18,0.07,0.77,0,0,0,0
276,1565.72,1565,-0.75,0.05,-9.18,0.07,0.78,0,0,0,0
277,1565.91,1565.04,-0.67,0.07,-9.2,0.06,0.77,0,0,0,0
278,1566.01,1565.09,-0.59,0.09,-9.19,0.07,0.79,0,0,0,0
279,1566.49,1565.2,-0.49,0.12,-9.19,0.06,0.77,0,0,0,0
280,1566.3,1565.28,-0.4,0.14,-9.2,0.08,0.77,0,0,0,0
281,1566.01,1565.33,-0.33,0.16,-9.19,0.07,0.77,0,0,0,0
282,1566.39,1565.43,-0.24,0.18,-9.18,0.08,0.77,0,0,0,0
283,1566.1,1565.49,-0.17,0.2,-9.19,0.07,0.77,0,0,0,0
284,1566.3,1565.57,-0.1,0.21,-9.18,0.08,0.78,0,0,0,0
285,1566.39,1565.66,-0.02,0.23,-9.19,0.07,0.76,0,0,0,0
286,1566.2,1565.72,0.04,0.24,-9.2,0.07,0.77,0,0,0,0
287,1566.39,1565.8,0.11,0.25,-9.19,0.08,0.77,0,0,0,0
288,1566.3,1565.88,0.17,0.26,-9.19,0.08,0.79,0,0,0,0
289,1566.2,1565.93,0.22,0.27,-9.18,0.08,0.78,0,0,0,0
290,1566.1,1565.98,0.26,0.28,-9.19,0.07,0.75,0,0,0,0
291,1565.43,1565.94,0.26,0.27,-9.19,0.07,0.77,0,0,0,0
292,1565.91,1565.97,0.28,0.27,-9.2,0.07,0.77,0,0,0,0
293,1566.1,1566.01,0.32,0.27,-9.19,0.07,0.76,0,0,0,0
294,1566.01,1566.05,0.35,0.27,-9.2,0.07,0.78,0,0,0,0
295,1566.01,1566.08,0.37,0.27,-9.19,0.08,0.75,0,0,0,0
296,1565.82,1566.09,0.38,0.27,-9.19,0.07,0.75,0,0,0,0
297,1566.58,1566.18,0.44,0.28,-9.2,0.08,0.75,0,0,0,0
298,1566.01,1566.2,0.46,0.28,-9.19,0.07,0.75,0,0,0,0
299,1565.62,1566.19,0.45,0.27,-9.2,0.07,0.76,0,0,0,0
300,1565.53,1566.16,0.43,0.26,-9.2,0.07,0.76,0,0,0,0
301,1566.39,1566.23,0.48,0.26,-9.19,0.08,0.75,0,0,0,0
302,1566.01,1566.25,0.49,0.26,-9.18,0.08,0.74,0,0,0,0
303,1565.53,1566.22,0.47,0.25,-9.19,0.07,0.75,0,0,0,0
304,1565.43,1566.17,0.44,0.24,-9.19,0.07,0.74,0,0,0,0
305,1565.72,1566.17,0.44,0.23,-9.2,0.07,0.76,0,0,0,0
306,1565.91,1566.18,0.44,0.23,-9.2,0.08,0.75,0,0,0,0
307,1566.01,1566.21,0.45,0.23,-9.19,0.07,0.74,0,0,0,0
308,1565.91,1566.22,0.46,0.22,-9.19,0.08,0.74,0,0,0,0
309,1565.91,1566.23,0.46,0.22,-9.2,0.08,0.76,0,0,0,0
310,1566.1,1566.26,0.47,0.22,-9.19,0.08,0.74,0,0,0,0
311,1566.39,1566.32,0.5,0.22,-9.18,0.08,0.75,0,0,0,0
312,1565.82,1566.31,0.49,0.21,-9.2,0.08,0.75,0,0,0,0
313,1566.1,1566.34,0.5,0.21,-9.19,0.08,0.74,0,0,0,0
314,1566.39,1566.39,0.53,0.21,-9.2,0.07,0.75,0,0,0,0
315,1565.72,1566.37,0.5,0.2,-9.2,0.07,0.73,0,0,0,0
316,1565.62,1566.33,0.47,0.19,-9.2,0.07,0.74,0,0,0,0
317,1565.62,1566.3,0.45,0.18,-9.2,0.08,0.75,0,0,0,0
318,1565.53,1566.26,0.42,0.17,-9.2,0.07,0.73,0,0,0,0
319,1565.72,1566.24,0.4,0.16,-9.2,0.08,0.73,0,0,0,0
320,1565.82,1566.23,0.39,0.15,-9.19,0.06,0.74,0,0,0,0
321,1565.43,1566.18,0.35,0.14,-9.21,0.07,0.73,0,0,0,0
322,1565.91,1566.19,0.35,0.14,-9.19,0.07,0.74,0,0,0,0
323,1565.82,1566.18,0.34,0.13,-9.19,0.09,0.74,0,0,0,0
324,1565.82,1566.17,0.33,0.13,-9.2,0.08,0.73,0,0,0,0
325,1565.82,1566.17,0.32,0.12,-9.18,0.08,0.74,0,0,0,0
326,1566.01,1566.18,0.33,0.12,-9.19,0.08,0.72,0,0,0,0
327,1565.72,1566.16,0.31,0.12,-9.2,0.08,0.74,0,0,0,0
328,1565.43,1566.11,0.28,0.1,-9.19,0.08,0.73,0,0,0,0
329,1565.91,1566.12,0.28,0.1,-9.19,0.08,0.74,0,0,0,0
330,1565.82,1566.11,0.27,0.1,-9.2,0.07,0.74,0,0,0,0
331,1565.91,1566.12,0.27,0.1,-9.2,0.08,0.74,0,0,0,0
332,1565.82,1566.11,0.26,0.09,-9.2,0.08,0.73,0,0,0,0
333,1565.72,1566.1,0.25,0.09,-9.19,0.08,0.73,0,0,0,0
334,1566.1,1566.12,0.26,0.09,-9.19,0.08,0.73,0,0,0,0
335,1565.91,1566.13,0.26,0.09,-9.2,0.08,0.74,0,0,0,0
336,1566.1,1566.15,0.27,0.09,-9.2,0.08,0.73,0,0,0,0
337,1566.3,1566.19,0.29,0.1,-9.2,0.08,0.72,0,0,0,0
338,1566.2,1566.22,0.3,0.1,-9.21,0.07,0.73,0,0,0,0
339,1566.2,1566.25,0.31,0.1,-9.19,0.08,0.73,0,0,0,0
340,1565.91,1566.24,0.3,0.1,-9.2,0.08,0.72,0,0,0,0
341,1565.91,1566.24,0.29,0.09,-9.2,0.07,0.73,0,0,0,0
342,1566.1,1566.25,0.29,0.09,-9.2,0.07,0.73,0,0,0,0
343,1566.01,1566.25,0.29,0.09,-9.2,0.08,0.73,0,0,0,0
344,1566.58,1566.32,0.32,0.1,-9.21,0.07,0.74,0,0,0,0
345,1566.68,1566.39,0.35,0.1,-9.21,0.07,0.73,0,0,0,0
346,1565.91,1566.37,0.33,0.1,-9.19,0.08,0.72,0,0,0,0
347,1566.01,1566.37,0.32,0.09,-9.21,0.08,0.73,0,0,0,0
348,1566.3,1566.39,0.33,0.09,-9.2,0.07,0.73,0,0,0,0
349,1566.39,1566.42,0.34,0.1,-9.2,0.07,0.73,0,0,0,0
350,1565.82,1566.39,0.31,0.09,-9.2,0.09,0.72,0,0,0,0
351,1566.01,1566.38,0.3,0.08,-9.19,0.08,0.73,0,0,0,0
352,1566.01,1566.37,0.28,0.08,-9.2,0.07,0.73,0,0,0,0
353,1565.72,1566.32,0.25,0.07,-9.2,0.08,0.73,0,0,0,0
354,1565.82,1566.29,0.23,0.06,-9.2,0.08,0.73,0,0,0,0
355,1566.01,1566.29,0.22,0.06,-9.2,0.08,0.73,0,0,0,0
356,1565.72,1566.24,0.19,0.05,-9.21,0.08,0.72,0,0,0,0
357,1566.2,1566.26,0.19,0.05,-9.2,0.08,0.74,0,0,0,0
358,1565.62,1566.21,0.16,0.04,-9.2,0.09,0.71,0,0,0,0
359,1566.2,1566.23,0.17,0.05,-9.19,0.07,0.72,0,0,0,0
360,1566.1,1566.23,0.17,0.05,-9.19,0.07,0.7,0,0,0,0
361,1566.68,1566.3,0.2,0.06,-9.21,0.07,0.72,0,0,0,0
362,1566.1,1566.3,0.2,0.05,-9.19,0.09,0.72,0,0,0,0
363,1565.82,1566.27,0.18,0.05,-9.2,0.08,0.72,0,0,0,0
364,1565.82,1566.24,0.16,0.04,-9.21,0.08,0.73,0,0,0,0
365,1565.82,1566.21,0.14,0.04,-9.19,0.08,0.71,0,0,0,0
366,1565.72,1566.17,0.11,0.03,-9.19,0.08,0.73,0,0,0,0
367,1565.91,1566.15,0.1,0.03,-9.2,0.08,0.71,0,0,0,0
368,1565.82,1566.13,0.09,0.03,-9.2,0.07,0.72,0,0,0,0
369,1566.49,1566.18,0.12,0.03,-9.2,0.08,0.71,0,0,0,0
370,1565.82,1566.15,0.1,0.03,-9.2,0.09,0.71,0,0,0,0
371,1565.53,1566.09,0.06,0.02,-9.19,0.08,0.71,0,0,0,0
372,1566.1,1566.1,0.07,0.03,-9.2,0.08,0.72,0,0,0,0
373,1565.72,1566.07,0.05,0.02,-9.19,0.08,0.7,0,0,0,0
374,1565.82,1566.05,0.04,0.02,-9.2,0.08,0.71,0,0,0,0
375,1565.62,1566.01,0.02,0.01,-9.2,0.08,0.72,0,0,0,0
376,1565.72,1565.98,0.01,0.01,-9.2,0.09,0.71,0,0,0,0
377,1566.01,1565.99,0.01,0.01,-9.19,0.09,0.7,0,0,0,0
378,1565.72,1565.96,0,0.01,-9.2,0.09,0.7,0,0,0,0
379,1566.2,1565.99,0.02,0.02,-9.2,0.08,0.7,0,0,0,0
380,1566.2,1566.02,0.04,0.03,-9.2,0.08,0.72,0,0,0,0
381,1565.82,1566.01,0.03,0.02,-9.19,0.08,0.72,0,0,0,0
382,1566.1,1566.03,0.05,0.03,-9.2,0.07,0.71,0,0,0,0
383,1566.3,1566.06,0.07,0.04,-9.19,0.08,0.72,0,0,0,0
384,1566.01,1566.07,0.08,0.04,-9.2,0.07,0.72,0,0,0,0
385,1566.1,1566.08,0.09,0.04,-9.2,0.08,0.71,0,0,0,0
386,1565.91,1566.07,0.08,0.04,-9.19,0.1,0.71,0,0,0,0
387,1566.01,1566.08,0.09,0.04,-9.2,0.08,0.71,0,0,0,0
388,1565.91,1566.06,0.07,0.04,-10.67,0.53,-0.54,0,0,0,0
389,1565.72,1566.05,0.08,0.05,-8.3,-0.51,4.24,0,0,0,0
390,1566.39,1566.13,0.14,0.07,-7.26,0.06,5.7,0,0,0,0
391,1566.1,1566.18,0.19,0.1,-6.69,-0.02,8.13,0,0,0,0
392,1566.01,1566.2,0.23,0.12,-7.83,3.05,5.36,0,0,0,0
393,1566.2,1566.24,0.26,0.14,-5.19,6.83,4.44,0,0,0,0
394,1566.39,1566.3,0.3,0.15,-4.99,8.45,2.45,0,0,0,0
395,1565.91,1566.29,0.3,0.15,-7.07,9.14,1.98,0,0,0,0
396,1566.2,1566.32,0.32,0.16,-10.84,8.65,3.66,0,0,0,0
397,1566.68,1566.42,0.39,0.18,-9.21,10.87,4.23,0,0,0,0
398,1566.78,1566.51,0.44,0.2,-7.1,7.29,2.92,0,0,0,0
399,1566.39,1566.56,0.48,0.21,-6.14,3.33,4.72,0,0,0,0
400,1566.58,1566.63,0.53,0.23,-5.42,2.04,6.03,0,0,0,0
401,1566.58,1566.7,0.58,0.25,-4.01,0.63,5.83,0,0,0,0
402,1566.97,1566.81,0.65,0.27,-2.49,-0.55,4.98,0,0,0,0
403,1566.78,1566.89,0.71,0.29,-3.23,-2.19,5.86,0,0,0,0
404,1566.87,1566.99,0.77,0.32,-3.39,-1.96,6.68,0,0,0,0
405,1567.06,1567.1,0.83,0.34,-3.73,-2.26,6.27,0,0,0,0
406,1566.87,1567.19,0.9,0.37,-2.23,-1.73,9.05,0,0,0,0
407,1566.78,1567.26,0.95,0.38,-4.69,0.17,7.11,0,0,0,0
408,1566.68,1567.31,0.98,0.4,-3.99,1.85,6.67,0,0,0,0
409,1566.87,1567.39,1.03,0.42,-4.74,2.83,7.81,0,0,0,0
410,1566.68,1567.45,1.07,0.43,-4.44,2.41,8.66,0,0,0,0
411,1566.97,1567.53,1.12,0.45,-4.18,3.08,8.52,0,0,0,0
412,1566.49,1567.54,1.12,0.45,-3.87,2.02,5.71,0,0,0,0
413,1567.26,1567.66,1.2,0.48,-3.81,1.97,9.41,0,0,0,0
414,1566.87,1567.73,1.25,0.5,-3.65,1.88,10.4,0,0,0,0
415,1566.87,1567.79,1.29,0.52,-2.85,2.28,9.62,0,0,0,0
416,1567.45,1567.92,1.36,0.55,-2.34,-1.34,9.27,0,0,0,0
417,1566.78,1567.95,1.38,0.55,-2.75,-3.55,7.62,0,0,0,0
418,1566.87,1567.98,1.39,0.55,-3.05,-5.33,5.92,0,0,0,0
419,1566.87,1568.01,1.38,0.54,-2.1,-6.83,4.6,0,0,0,0
420,1567.16,1568.05,1.39,0.53,-2.7,-8.4,2.66,0,0,0,0
421,1566.78,1568.04,1.35,0.51,-2.89,-10.07,1.08,0,0,0,0
422,1567.16,1568.06,1.33,0.49,-2.95,-8.62,-0.77,0,0,0,0
423,1566.68,1568.02,1.28,0.46,-2.31,-8.9,-0.01,0,0,0,0
424,1566.87,1568,1.23,0.43,-5.83,-8.33,-1.87,0,0,0,0
425,1567.26,1568.02,1.2,0.41,-5.29,-8,-1.27,0,0,0,0
426,1567.54,1568.06,1.19,0.39,-5.7,-8.08,-2.28,0,0,0,0
427,1567.26,1568.07,1.15,0.36,-5.9,-7.75,-2.7,0,0,0,0
428,1567.06,1568.04,1.09,0.32,-5.39,-7.17,-3.44,0,0,0,0
429,1566.87,1567.99,1.02,0.29,-5.24,-7.03,-3.54,0,0,0,0
430,1567.16,1567.97,0.96,0.25,-6.41,-7.58,-4.08,0,0,0,0
431,1566.78,1567.9,0.88,0.22,-6.39,-7.59,-3.59,0,0,0,0
432,1567.06,1567.87,0.82,0.19,-5.8,-6.59,-2.94,0,0,0,0
433,1566.58,1567.79,0.73,0.15,-6.22,-7,-3.35,0,0,0,0
434,1567.35,1567.79,0.69,0.13,-5.98,-7.1,-3.11,0,0,0,0
435,1567.06,1567.75,0.63,0.1,-6.02,-6.91,-2.79,0,0,0,0
436,1566.78,1567.69,0.56,0.08,-6.32,-6.87,-2.63,0,0,0,0
437,1567.83,1567.74,0.56,0.07,-6.36,-7.05,-2.63,0,0,0,0
438,1567.06,1567.7,0.5,0.04,-6.45,-6.96,-2.44,0,0,0,0
439,1566.87,1567.64,0.44,0.02,-6.68,-6.97,-2.33,0,0,0,0
440,1566.49,1567.54,0.35,-0.01,-6.48,-6.62,-2.17,0,0,0,0
441,1566.87,1567.49,0.29,-0.03,-6.93,-6.68,-2.16,0,0,0,0
442,1566.97,1567.44,0.24,-0.05,-6.9,-6.89,-1.98,0,0,0,0
443,1567.16,1567.42,0.2,-0.06,-6.93,-6.7,-1.89,0,0,0,0
444,1566.97,1567.38,0.16,-0.07,-6.79,-6.56,-1.54,0,0,0,0
445,1567.16,1567.36,0.12,-0.08,-7.29,-6.58,-1.56,0,0,0,0
446,1566.78,1567.3,0.07,-0.1,-7.18,-7.42,-1.27,0,0,0,0
447,1567.26,1567.29,0.05,-0.11,-6.89,-7.66,-1.99,0,0,0,0
448,1566.97,1567.25,0,-0.12,-5.19,-7.71,-1.91,0,0,0,0
449,1567.35,1567.25,-0.02,-0.13,-5.03,-8.23,-2.66,0,0,0,0
450,1567.06,1567.21,-0.06,-0.14,-3.63,-8.29,-2.52,0,0,0,0
451,1567.35,1567.21,-0.08,-0.15,-3.26,-8.88,-2.87,0,0,0,0
452,1567.26,1567.19,-0.11,-0.16,-3.17,-8.99,-3.09,0,0,0,0
453,1567.26,1567.17,-0.14,-0.17,-3.3,-9.3,-3,0,0,0,0
454,1567.64,1567.2,-0.13,-0.17,-2.89,-9.17,-2.27,0,0,0,0
455,1567.54,1567.22,-0.14,-0.17,-2.92,-8.9,-2.05,0,0,0,0
456,1567.26,1567.2,-0.16,-0.17,-3.2,-9.22,-2.12,0,0,0,0
457,1566.87,1567.14,-0.21,-0.19,-3.28,-9.45,-1.8,0,0,0,0
458,1567.74,1567.18,-0.2,-0.18,-3.07,-9.41,-2.02,0,0,0,0
459,1566.78,1567.1,-0.26,-0.2,-3.23,-9.99,-2.14,0,0,0,0
460,1566.87,1567.05,-0.29,-0.2,-3.11,-8.65,-1.24,0,0,0,0
461,1566.97,1567,-0.32,-0.21,-3.53,-9.39,-1.25,0,0,0,0
462,1567.16,1566.98,-0.34,-0.21,-2.83,-8.99,-1.74,0,0,0,0
463,1566.97,1566.94,-0.37,-0.22,-3.58,-9.45,-1.62,0,0,0,0
464,1566.87,1566.9,-0.4,-0.22,-4.07,-9.6,-1.16,0,0,0,0
465,1566.49,1566.81,-0.45,-0.23,-2.94,-8.9,-1.52,0,0,0,0
466,1566.58,1566.73,-0.49,-0.24,-3.21,-9.22,-1.3,0,0,0,0
467,1567.26,1566.74,-0.49,-0.23,-3.51,-9.51,-1.34,0,0,0,0
468,1567.06,1566.72,-0.5,-0.23,-3.61,-9.67,-1.93,0,0,0,0
469,1566.78,1566.67,-0.53,-0.24,-2.34,-9.8,-2.59,0,0,0,0
470,1566.58,1566.6,-0.57,-0.25,-1.79,-9.45,-2.23,0,0,0,0
471,1567.26,1566.61,-0.56,-0.25,-0.77,-9.61,-2.89,0,0,0,0
472,1566.78,1566.57,-0.58,-0.25,-1.33,-9.45,-1.81,0,0,0,0
473,1566.97,1566.55,-0.59,-0.25,-0.97,-9.56,-2.68,0,0,0,0
474,1566.39,1566.47,-0.63,-0.26,-0.99,-10.06,-2.07,0,0,0,0
475,1566.68,1566.42,-0.66,-0.26,-0.48,-9.87,-2.59,0,0,0,0
476,1566.97,1566.41,-0.65,-0.26,-0.74,-9.64,-2.35,0,0,0,0
477,1566.87,1566.39,-0.66,-0.26,-0.66,-10.37,-2.83,0,0,0,0
478,1566.58,1566.34,-0.68,-0.26,-1.24,-9.35,-2.09,0,0,0,0
479,1566.87,1566.33,-0.68,-0.26,-1.15,-10.08,-2.32,0,0,0,0
480,1567.16,1566.35,-0.66,-0.25,-1.23,-10.09,-2.41,0,0,0,0
481,1566.87,1566.34,-0.66,-0.25,-0.65,-9.54,-2.2,0,0,0,0
482,1567.06,1566.35,-0.65,-0.24,-0.81,-9.7,-2.42,0,0,0,0
483,1567.35,1566.39,-0.61,-0.23,-0.71,-9.71,-2.17,0,0,0,0
484,1567.06,1566.4,-0.61,-0.23,-1.82,-10.61,-3.09,0,0,0,0
485,1567.06,1566.4,-0.6,-0.23,-1.56,-9.65,-2.7,0,0,0,0
486,1566.78,1566.38,-0.61,-0.23,-1.05,-10.12,-2.52,0,0,0,0
487,1566.78,1566.36,-0.61,-0.23,-0.02,-8.87,-2.39,0,0,0,0
488,1566.58,1566.31,-0.63,-0.23,-2.46,-9.69,-2.84,0,0,0,0
489,1566.78,1566.29,-0.65,-0.24,-5.25,-8.19,-4.4,0,0,0,0
490,1567.26,1566.31,-0.63,-0.24,-7.17,-6.9,-4.61,0,0,0,0
491,1567.16,1566.33,-0.62,-0.24,-7.47,-5.5,-4.13,0,0,0,0
492,1566.97,1566.33,-0.62,-0.24,-7.66,-5.43,-3.52,0,0,0,0
493,1567.06,1566.34,-0.61,-0.24,-7.25,-5.55,-3.3,0,0,0,0
494,1566.39,1566.28,-0.64,-0.24,-7.88,-5.68,-2.9,0,0,0,0
495,1566.87,1566.27,-0.64,-0.24,-7.82,-5.96,-3.17,0,0,0,0
496,1566.78,1566.26,-0.64,-0.24,-7.5,-5.48,-2.86,0,0,0,0
497,1567.16,1566.28,-0.62,-0.24,-7.22,-5.74,-2.77,0,0,0,0
498,1567.06,1566.31,-0.6,-0.23,-7.71,-5.55,-1.99,0,0,0,0
499,1566.87,1566.31,-0.59,-0.22,-7.32,-5.93,-2.13,0,0,0,0
500,1566.87,1566.31,-0.58,-0.22,-7.59,-5.67,-1.42,0,0,0,0
501,1566.97,1566.32,-0.57,-0.21,-7.59,-5.86,-1.71,0,0,0,0
502,1566.97,1566.33,-0.55,-0.21,-7.62,-5.83,-1.75,0,0,0,0
503,1566.97,1566.35,-0.54,-0.2,-6.46,-5.46,-2,0,0,0,0
504,1567.16,1566.38,-0.51,-0.19,-7.26,-6.11,-1.99,0,0,0,0
505,1567.06,1566.4,-0.49,-0.18,-7.15,-6.17,-1.56,0,0,0,0
506,1567.06,1566.42,-0.47,-0.18,-7.1,-6.08,-1.41,0,0,0,0
507,1566.87,1566.43,-0.47,-0.17,-6.55,-6.1,-1.46,0,0,0,0
508,1567.26,1566.47,-0.44,-0.16,-7.85,-6.64,-1.85,0,0,0,0
509,1566.49,1566.42,-0.46,-0.17,-7.21,-6.56,-1.61,0,0,0,0
510,1566.68,1566.4,-0.47,-0.17,-6.66,-6.51,-2.47,0,0,0,0
511,1566.49,1566.35,-0.49,-0.18,-6.45,-7.08,-2.37,0,0,0,0
512,1566.97,1566.36,-0.48,-0.18,-5.97,-7.31,-2.7,0,0,0,0
513,1566.39,1566.31,-0.51,-0.19,-5.64,-7.73,-3.35,0,0,0,0
514,1567.06,1566.33,-0.5,-0.19,-4.37,-7.92,-3.6,0,0,0,0
515,1566.97,1566.34,-0.5,-0.19,-4.03,-8.02,-4.13,0,0,0,0
516,1566.68,1566.3,-0.52,-0.2,-4.98,-7.73,-4.98,0,0,0,0
517,1566.78,1566.29,-0.53,-0.21,-2.11,-8.08,-4.47,0,0,0,0
518,1566.97,1566.3,-0.52,-0.21,-2.61,-8.93,-3.38,0,0,0,0
519,1567.06,1566.32,-0.51,-0.2,-3.19,-10.33,-3.35,0,0,0,0
520,1567.16,1566.35,-0.5,-0.2,-2.7,-8.32,-4.05,0,0,0,0
521,1566.97,1566.35,-0.5,-0.21,-2.6,-8.62,-4.4,0,0,0,0
522,1567.06,1566.36,-0.5,-0.21,-2.13,-8.82,-5.03,0,0,0,0
523,1566.78,1566.34,-0.52,-0.22,-2.26,-8.91,-5.27,0,0,0,0
524,1566.49,1566.28,-0.56,-0.24,-2.16,-8.73,-5.06,0,0,0,0
525,1566.87,1566.27,-0.57,-0.24,-1.05,-8.33,-4.76,0,0,0,0
526,1566.68,1566.24,-0.6,-0.26,-1.23,-8.93,-5.25,0,0,0,0
527,1567.16,1566.27,-0.58,-0.26,-1.98,-8.77,-4.64,0,0,0,0
528,1566.78,1566.25,-0.6,-0.26,-1.37,-8.61,-5.09,0,0,0,0
529,1566.78,1566.23,-0.62,-0.27,-1.84,-8.71,-5.34,0,0,0,0
530,1567.16,1566.25,-0.61,-0.27,-2.61,-8.71,-5.17,0,0,0,0
531,1566.58,1566.2,-0.65,-0.29,-1.72,-8.46,-5.72,0,0,0,0
532,1566.49,1566.15,-0.68,-0.3,-2.49,-8.6,-4.88,0,0,0,0
533,1566.87,1566.15,-0.69,-0.3,-2.28,-9.09,-5.07,0,0,0,0
534,1567.06,1566.17,-0.68,-0.3,-2.07,-8.89,-4.34,0,0,0,0
535,1566.58,1566.13,-0.71,-0.31,-1.9,-9.5,-4.44,0,0,0,0